mouth_width,mouth_height,mouth_aspect_ratio,left_eye_height,right_eye_height,eye_openness,eye_aspect_ratio,eyebrow_raise_left,eyebrow_raise_right,eyebrow_slant_left,eyebrow_slant_right,jaw_drop,nose_mouth_dist,mouth_corner_diff,label
0.73788196,0.1540813,0.43507746,0.025305765,0.028234297,0.026770031,0.178641,0.31849775,0.30718076,0.5080593,0.47536436,1.357079,0.34536934,0.007523151,happy
0.74965125,0.13538289,0.34912738,0.067012586,0.061992712,0.06450266,0.41829127,0.286095,0.27508864,0.49692202,0.50865567,1.2971593,0.3204737,0.03820303,happy
0.7635843,0.081643134,0.19735035,0.07050035,0.07219951,0.071349934,0.42706263,0.29433843,0.2911541,0.5005807,0.4954125,1.2447501,0.29046804,0.05200342,happy
0.79494745,0.17651588,0.43591046,0.065459274,0.075879686,0.07066949,0.4458287,0.2919135,0.27928025,0.51169133,0.5186663,1.2867985,0.32328218,0.0071061826,happy
0.81442785,0.22660428,0.56643057,0.02493277,0.027542293,0.02623753,0.1719399,0.3076694,0.30528402,0.51323426,0.50590986,1.2543823,0.3054061,0.014584258,happy
0.6670359,0.04702709,0.12852174,0.078821845,0.06813836,0.0734801,0.44093642,0.27768126,0.27231222,0.49830216,0.4793504,1.2472903,0.25675765,0.008270561,happy
0.71972036,0.11207681,0.32579154,0.051612526,0.06847538,0.060043957,0.4245185,0.2920073,0.27391705,0.5237695,0.49591476,1.3343619,0.28859857,0.008454463,happy
0.7585916,0.21991128,0.57728696,0.10390428,0.09687091,0.100387596,0.6570012,0.29071814,0.28707922,0.5131849,0.4842067,1.2682444,0.30651614,0.034762766,happy
0.79657584,0.16327345,0.4096741,0.077335835,0.0713948,0.07436532,0.4885301,0.28970176,0.3006085,0.49660638,0.50447625,1.3308533,0.33351386,0.017073872,happy
0.81630504,0.09757279,0.23745282,0.052483547,0.0573854,0.054934476,0.35850403,0.30008394,0.29257178,0.5075532,0.5100015,1.300234,0.30638665,0.0018465779,happy
0.6910224,0.030069923,0.08880968,0.07856029,0.057732206,0.06814625,0.46083844,0.2887468,0.29567844,0.52570856,0.5085465,1.2636032,0.30241054,0.045658506,happy
0.7991617,0.19039933,0.4291813,0.04545135,0.05847861,0.05196498,0.31261504,0.3003453,0.29060596,0.50060564,0.49352038,1.2573932,0.30720195,0.018119778,happy
0.7372938,0.08984486,0.23593256,0.07297684,0.06852782,0.07075233,0.45176002,0.2811595,0.28229225,0.49501616,0.4923271,1.2354255,0.24615689,0.0175485,happy
0.773288,0.19607936,0.5024372,0.034200516,0.022990264,0.02859539,0.19590238,0.28103834,0.3017971,0.47977972,0.52823067,1.277755,0.35835612,0.0009324478,happy
0.7944608,0.10424204,0.24677816,0.049349308,0.075559735,0.06245452,0.388509,0.30938712,0.3021671,0.50572175,0.5123816,1.2232624,0.29087827,0.036399074,happy
0.80701715,0.16661409,0.40451312,0.06659869,0.058724035,0.062661365,0.40056908,0.29620692,0.30118915,0.5223097,0.5098909,1.4057403,0.35386586,0.01290561,happy
0.70180476,0.1526996,0.4343996,0.069295146,0.07859989,0.07394753,0.47127512,0.31090072,0.27598903,0.5452105,0.48116514,1.3176169,0.36787593,0.014168926,happy
0.7768095,0.12766457,0.2998317,0.059430424,0.053834926,0.056632675,0.34365517,0.28756,0.29433835,0.507748,0.52516216,1.2328675,0.27656078,0.07294082,happy
0.7178832,0.11461848,0.32662657,0.038118538,0.04861941,0.043368973,0.29858086,0.2966898,0.2847345,0.51565737,0.4954269,1.3213754,0.2833321,0.019325884,happy
0.75913846,0.21396834,0.5286611,0.061563548,0.095612414,0.07858798,0.4642174,0.28828782,0.25722393,0.5133298,0.46181348,1.2755011,0.3796746,0.023042807,happy
0.7382102,0.14308947,0.34557495,0.05853544,0.070139304,0.06433737,0.3932189,0.30205864,0.2885608,0.48744446,0.45874316,1.1664658,0.26225537,0.019206045,happy
0.76504683,0.18223728,0.47663733,0.08107759,0.080470935,0.08077427,0.52146894,0.2896461,0.29104725,0.521826,0.5066788,1.2663115,0.32079846,0.018976087,happy
0.7146613,0.20329344,0.53730583,0.058861144,0.088691875,0.07377651,0.46119216,0.294728,0.2977864,0.51324433,0.50152284,1.1780305,0.2841352,0.013920431,happy
0.78461206,0.15985169,0.4021784,0.07274371,0.084178135,0.078460924,0.51166964,0.26174584,0.26912972,0.49586198,0.5158029,1.2977846,0.29256037,0.027410753,happy
0.81876016,0.18362406,0.4207291,0.03456627,0.055826977,0.04519662,0.28623545,0.3105432,0.2933476,0.50431335,0.49576345,1.2708588,0.30381694,0.016237505,happy
0.7684464,0.17727295,0.46138158,0.080688715,0.08100852,0.08084862,0.5213106,0.28969118,0.2889655,0.5205578,0.5066678,1.2639633,0.3172862,0.017822606,happy
0.73020834,0.12918712,0.3121639,0.066235706,0.0895768,0.07790626,0.4565603,0.28470135,0.26119792,0.5112056,0.46990412,1.1893289,0.27213818,0.008384984,happy
0.7386243,0.11996156,0.3159635,0.08991477,0.0835062,0.08671048,0.55384666,0.27715418,0.2849153,0.5096979,0.51856637,1.2416348,0.25199622,0.053066425,happy
0.68758774,0.1037711,0.2894074,0.11368201,0.11675058,0.11521629,0.73587054,0.29982284,0.29106775,0.51414734,0.47295067,1.2043618,0.29052648,0.008845032,happy
0.751416,0.123051606,0.34244877,0.084142365,0.07638464,0.0802635,0.5672573,0.3048243,0.31796303,0.48036844,0.5070563,1.3319786,0.28425178,0.045198772,happy
0.7320372,0.20957275,0.54228914,0.066547446,0.09081965,0.07868355,0.49800396,0.29197666,0.29530695,0.51818675,0.4976152,1.1880721,0.2817577,0.0070788744,happy
0.72453594,0.04341298,0.116949074,0.059367653,0.054173242,0.056770448,0.37272274,0.26703796,0.28414398,0.4815206,0.5155161,1.2348664,0.24745612,0.035086002,happy
0.80147845,0.14556006,0.35819334,0.08571338,0.069324,0.07751869,0.4908869,0.2991454,0.30501655,0.5107214,0.5250848,1.2974683,0.30661872,0.007877609,happy
0.717388,0.16381821,0.4250769,0.07268173,0.083240874,0.0779613,0.4711014,0.25368822,0.27981386,0.4627513,0.4996113,1.2291002,0.29301965,0.030309364,happy
0.8437503,0.08804951,0.20865776,0.04844504,0.052870546,0.05065779,0.33760393,0.29452726,0.29126757,0.5021668,0.5090391,1.301224,0.29535037,0.0066265156,happy
0.6919027,0.025763573,0.07404314,0.07794203,0.07914801,0.07854502,0.5332778,0.29950103,0.3005124,0.50696695,0.49820206,1.2554368,0.22073053,0.021902464,happy
0.7930349,0.17343701,0.4267544,0.07720035,0.071300454,0.0742504,0.4693133,0.28806138,0.29978597,0.4974163,0.50192803,1.2997401,0.32404357,0.016232064,happy
0.81694275,0.12078807,0.32218233,0.13074006,0.079829544,0.1052848,0.7162555,0.3129911,0.32358134,0.5275666,0.5206582,1.381127,0.29358023,0.05871104,happy
0.69252896,0.038365632,0.11118207,0.070516996,0.063881665,0.06719933,0.44665676,0.2921362,0.290484,0.5277905,0.5085454,1.2559489,0.30183908,0.04438114,happy
0.7089247,0.14507519,0.39241302,0.092568465,0.09482465,0.09369655,0.58259404,0.29460883,0.28285962,0.5242139,0.49559566,1.2773632,0.35464373,0.002167741,happy
0.7313579,0.16981374,0.4772981,0.043758817,0.038373794,0.041066308,0.28082663,0.2848972,0.28750947,0.49862647,0.5044988,1.2663646,0.2735214,0.030698022,happy
0.74372065,0.118581444,0.31555292,0.0824703,0.09253464,0.08750247,0.5623533,0.27912366,0.27059832,0.52274203,0.49723837,1.2661668,0.29913995,0.007806333,happy
0.73976654,0.1108993,0.28621513,0.06026499,0.05348123,0.056873105,0.3745806,0.28097752,0.27106237,0.51286274,0.4920748,1.2304732,0.28236073,0.017937051,happy
0.76874346,0.11758812,0.29929787,0.06905242,0.06637335,0.06771289,0.43726394,0.285634,0.29324585,0.5093514,0.49483943,1.2507002,0.25868666,0.016967507,happy
0.6701969,0.0009586138,0.0028232427,0.079349555,0.08270671,0.08102813,0.5157366,0.27207583,0.28938323,0.4827262,0.524325,1.2324282,0.24976817,0.0021030938,happy
0.7170461,0.12734035,0.3492765,0.100154415,0.09071033,0.09543237,0.59901106,0.28986228,0.28564987,0.5012957,0.51434624,1.2584593,0.28564912,0.024071734,happy
0.6742078,0.121661305,0.34203404,0.055627394,0.074847244,0.06523732,0.41040435,0.29749325,0.29815793,0.49588275,0.50169384,1.1679225,0.27417722,0.02524098,happy
0.78971004,0.18539707,0.42294598,0.035508197,0.057804856,0.046656527,0.28052422,0.30627346,0.2936615,0.5017533,0.49854454,1.2656512,0.30827948,0.016407084,happy
0.7173255,0.11011238,0.30223942,0.094013765,0.082702585,0.08835818,0.5740917,0.2745593,0.28041387,0.5108294,0.5142335,1.2468108,0.26249188,0.050621886,happy
0.7216315,0.11548211,0.32951304,0.10686276,0.08980974,0.09833625,0.647591,0.27804387,0.28602034,0.51049966,0.5164278,1.2833126,0.2765582,0.011516843,happy
0.7892721,0.15313932,0.37798032,0.08620992,0.07049035,0.07835014,0.48819935,0.29886577,0.30193037,0.5079521,0.5218146,1.2839903,0.30783075,0.014680954,happy
0.6868451,0.122154,0.33786646,0.11392211,0.115495294,0.1147087,0.7245208,0.29775137,0.28971627,0.5115507,0.47282973,1.194296,0.29091257,0.0077727335,happy
0.72367257,0.16367307,0.44820833,0.06635783,0.06563173,0.065994784,0.42585486,0.30546296,0.29996905,0.51646614,0.49697527,1.3328017,0.30204153,0.01194543,happy
0.717145,0.15199417,0.42934564,0.028238319,0.035735235,0.031986777,0.21595253,0.3222948,0.29937646,0.50042754,0.50253,1.246103,0.27406454,0.0063894526,happy
0.86207044,0.16582651,0.38788322,0.08481843,0.07867136,0.08174489,0.51578903,0.28990877,0.29931143,0.47804227,0.5131908,1.3301609,0.30897474,0.023150293,happy
0.7186195,0.11201773,0.29293346,0.11527762,0.08347327,0.09937545,0.63259435,0.27432007,0.26572257,0.48587582,0.49021238,1.2229344,0.2912857,0.039683644,happy
0.7579336,0.11972376,0.32025662,0.085745424,0.07801355,0.08187948,0.55979306,0.31183344,0.32269248,0.4854926,0.5069278,1.3120953,0.28284457,0.040997896,happy
0.71464765,0.1111976,0.29124033,0.11325197,0.080626905,0.09693944,0.61464715,0.27792928,0.26942948,0.4875854,0.49647984,1.2279931,0.29355833,0.03802928,happy
0.7582211,0.1733868,0.43312073,0.03709667,0.060239106,0.04866789,0.2988664,0.29318795,0.28988835,0.49474102,0.5184121,1.2508469,0.34533736,0.037001044,happy
0.73252106,0.110746585,0.3107286,0.07409331,0.0676906,0.070891954,0.49547306,0.30535585,0.313218,0.48102975,0.5022163,1.321995,0.28162718,0.044767704,happy
0.68299717,0.07626254,0.23008905,0.054746334,0.058456976,0.05660165,0.38901016,0.30022785,0.2857432,0.5293434,0.5088379,1.2674588,0.23409529,0.0021622025,happy
0.67368263,0.04109238,0.10951182,0.0761518,0.060011275,0.06808154,0.40439773,0.27143615,0.27619082,0.48948276,0.4791091,1.2456106,0.26376215,0.0044432846,happy
0.74719673,0.17957805,0.48672035,0.031207465,0.04144598,0.03632672,0.24510552,0.28703502,0.2829737,0.49978775,0.50217193,1.2619796,0.27691692,0.03101783,happy
0.66723776,0.099042244,0.26996204,0.08570254,0.07068784,0.07819519,0.46639788,0.26719287,0.27442172,0.49188137,0.48197377,1.2371148,0.2703322,0.0036988433,happy
0.7522818,0.13495308,0.37922016,0.06459642,0.08019559,0.072396,0.5043847,0.30515942,0.27669007,0.55039585,0.4934456,1.346502,0.32771608,0.037731327,happy
0.7686779,0.14697741,0.36622104,0.049255993,0.04073597,0.044995982,0.2897625,0.2811405,0.28314656,0.511589,0.49888003,1.2365124,0.29526538,0.017774887,happy
0.7206956,0.14915586,0.41191196,0.062674806,0.06146227,0.062068533,0.40721115,0.30541807,0.3001776,0.5230353,0.5176893,1.3129152,0.29424474,0.04922915,happy
0.7629183,0.13367927,0.33215234,0.047494642,0.056826506,0.052160576,0.3261422,0.28208113,0.29793516,0.49761963,0.51227665,1.2255597,0.29365575,0.041797888,happy
0.75641733,0.13830744,0.3529952,0.070459016,0.061901703,0.066180356,0.4294216,0.28409815,0.27533245,0.49582413,0.5097378,1.3082786,0.320462,0.03854764,happy
0.71976006,0.13857609,0.34926096,0.07928661,0.0799251,0.079605855,0.47887173,0.27735382,0.28456053,0.47530276,0.52205276,1.1968607,0.26828974,0.016595092,happy
0.7314798,0.12951775,0.35246247,0.07912594,0.092723414,0.08592468,0.5525927,0.2777523,0.27814636,0.5224488,0.501147,1.2727743,0.30091146,0.010916263,happy
0.7553063,0.106883995,0.26385376,0.06155681,0.05877208,0.060164448,0.38214812,0.28437883,0.2676324,0.5158271,0.48554286,1.2419934,0.27790642,0.017107725,happy
0.7139378,0.15051538,0.41329527,0.07381175,0.06412644,0.06896909,0.44411877,0.3024136,0.2966696,0.51728237,0.4970993,1.311978,0.29710552,0.00068122376,happy
0.663185,0.12789346,0.3846159,0.05416763,0.05744892,0.055808272,0.3818073,0.29448578,0.2865775,0.5048512,0.48975834,1.3072728,0.34988523,0.06742731,happy
0.77240396,0.176002,0.44831946,0.083024524,0.07824107,0.0806328,0.51095307,0.29322574,0.29396424,0.52713424,0.50992525,1.2638588,0.32017773,0.017074035,happy
0.78903717,0.14602177,0.37072572,0.06595183,0.085149094,0.07555046,0.49961725,0.26507428,0.27058816,0.494247,0.51922226,1.3022128,0.27822512,0.027257105,happy
0.76221615,0.13362989,0.33104783,0.051832717,0.061992228,0.05691247,0.3532043,0.2768906,0.2930391,0.49120864,0.5122016,1.2217982,0.28558612,0.041664753,happy
0.7695508,0.048569683,0.12040391,0.07507225,0.06827504,0.07167365,0.4542195,0.2718287,0.29165146,0.47925633,0.53390485,1.2144762,0.25377783,0.060956184,happy
0.6948662,0.16710171,0.44126648,0.07609795,0.08316042,0.07962918,0.47362512,0.25754854,0.28227788,0.4675156,0.49997202,1.230452,0.29218516,0.023964513,happy
0.72045034,0.15353346,0.42195398,0.070831396,0.06528461,0.06805801,0.43956771,0.30062675,0.29729447,0.51247627,0.49555945,1.3275377,0.3050442,0.011669716,happy
0.8676037,0.09463722,0.22473727,0.05991929,0.06024281,0.06008105,0.40856767,0.29749143,0.29570445,0.5128694,0.5117662,1.3382573,0.31366855,0.005867495,happy
0.6706625,0.09919779,0.27888697,0.055201344,0.07593795,0.06556965,0.41387847,0.2905226,0.30496836,0.48519284,0.5125811,1.1706377,0.26342303,0.025959443,happy
0.76079816,0.11872176,0.31290984,0.06011269,0.07650901,0.06831085,0.45060733,0.29673088,0.27425185,0.5302797,0.49596784,1.260266,0.2396162,0.011886714,happy
0.7639611,0.04736106,0.11834394,0.06899264,0.07257062,0.07078163,0.44622937,0.2711278,0.2890882,0.4767307,0.53233594,1.2252423,0.24774243,0.062305473,happy
0.7610004,0.18620206,0.43773848,0.06455221,0.050655633,0.05760392,0.35708952,0.28314573,0.28813663,0.49185902,0.48188952,1.1665304,0.3331861,0.056158334,happy
0.71775293,0.18953334,0.55881137,0.07440126,0.07756699,0.07598412,0.52381766,0.31280667,0.29347175,0.53225535,0.501506,1.3051041,0.29102272,0.02008462,happy
0.70745736,0.17180613,0.49417102,0.06467208,0.08307001,0.07387105,0.4949532,0.3107825,0.29557562,0.5313682,0.50333124,1.2861139,0.27628332,0.02163984,happy
0.8334442,0.151143,0.3316124,0.09185458,0.08931285,0.09058372,0.53969336,0.2637467,0.27704066,0.47482166,0.49533176,1.2128417,0.30565587,0.014753351,happy
0.75547457,0.19592807,0.51615936,0.095101975,0.089693144,0.09239756,0.6049683,0.29213145,0.290726,0.5137653,0.4852225,1.2669063,0.3007297,0.039507013,happy
0.75858176,0.19912687,0.518248,0.07102217,0.058298502,0.06466033,0.43013775,0.28997448,0.27381626,0.520394,0.4883925,1.2464378,0.32182267,0.028199755,happy
0.7529449,0.05051853,0.12615049,0.09258922,0.07339865,0.08299393,0.5194941,0.26691973,0.27101278,0.49236265,0.49905953,1.2090949,0.24151604,0.1330398,happy
0.70047706,0.10302941,0.27673167,0.087360665,0.072337545,0.0798491,0.5040848,0.27873442,0.28225517,0.49068084,0.45748082,1.1996601,0.23118195,0.011466193,happy
0.7438095,0.1357653,0.3849485,0.06937715,0.07747896,0.07342806,0.5098837,0.3055294,0.26494396,0.54858917,0.48216736,1.3350658,0.32704937,0.0377653,happy
0.7406251,0.12830977,0.32456747,0.05008077,0.0285658,0.039323285,0.24142115,0.320796,0.3144296,0.52275413,0.50158656,1.2869266,0.32044995,0.005656827,happy
0.70244414,0.14063828,0.40668356,0.049502276,0.057000384,0.05325133,0.3626903,0.29762244,0.28036228,0.5236924,0.5024682,1.2716078,0.25065792,0.003421757,happy
0.76713717,0.12456116,0.29651785,0.06020346,0.051653795,0.05592863,0.34104386,0.28253353,0.29686224,0.5050559,0.52320325,1.2377894,0.27611384,0.07430856,happy
0.7479407,0.12347392,0.32890397,0.08064447,0.09371056,0.087177515,0.5628607,0.27734545,0.27183256,0.5189676,0.4971855,1.2706907,0.30145106,0.008203771,happy
0.7185484,0.114708416,0.31103706,0.09124431,0.09460436,0.092924334,0.5779671,0.29602218,0.28094274,0.5241702,0.4885356,1.2831448,0.35181504,0.0062202946,happy
0.7569066,0.17121913,0.4089857,0.07417873,0.0973385,0.08575861,0.48746452,0.28706068,0.25289252,0.50529546,0.46366188,1.2575595,0.35985312,0.015598394,happy
0.7116988,0.11780126,0.31565344,0.042919435,0.03180278,0.037361108,0.234717,0.3149755,0.3152511,0.51941216,0.5027341,1.2765123,0.3108494,0.0015380413,happy
0.6949181,0.13312133,0.37439263,0.10071377,0.08617471,0.093444236,0.58623177,0.28998682,0.2862325,0.49771413,0.51543623,1.2542928,0.30055097,0.007997498,happy
0.7754033,0.08833519,0.21821502,0.09631951,0.07485239,0.085585944,0.55010563,0.2641622,0.26883447,0.4966776,0.49416667,1.2487047,0.2779333,0.14285456,happy
0.79657847,0.18937935,0.4775268,0.047788624,0.04998389,0.04888626,0.31987464,0.30833972,0.30933934,0.5178985,0.5409199,1.3554147,0.3546075,0.02816167,happy
0.7077857,0.16335286,0.47917232,0.07230969,0.07839932,0.07535451,0.5151835,0.312212,0.29044458,0.5312668,0.4981682,1.299198,0.28120542,0.022678826,happy
0.81481385,0.13923164,0.31171808,0.085862234,0.08534189,0.08560207,0.51062304,0.2684054,0.2668144,0.47082782,0.48849696,1.2126818,0.31146067,0.009933462,happy
0.7550264,0.19864324,0.52108794,0.09885858,0.097730994,0.09829479,0.63575876,0.29361722,0.28645962,0.5130338,0.4837283,1.2730339,0.3050524,0.03680852,happy
0.7141699,0.1405056,0.3652608,0.07988061,0.0850617,0.08247116,0.50531775,0.27265602,0.2892977,0.47353607,0.52610946,1.2009149,0.27322516,0.022288334,happy
0.8535217,0.13700056,0.29189596,0.053369097,0.052321926,0.05284551,0.3232092,0.2951272,0.27613425,0.5368472,0.48481452,1.2068275,0.2609729,0.0045251925,happy
0.7024893,0.1055264,0.29235503,0.09244598,0.07353277,0.08298937,0.53882194,0.27840436,0.28559202,0.493656,0.46156394,1.2034621,0.22395277,0.010210265,happy
0.80758077,0.22001551,0.55656016,0.035495136,0.030930603,0.03321287,0.2169293,0.31068823,0.30736494,0.51601756,0.5065605,1.242442,0.28635514,0.014211916,happy
0.7216481,0.16936183,0.47460952,0.073724896,0.084888846,0.07930687,0.51258564,0.30321616,0.2795512,0.5408143,0.49009728,1.3377732,0.37131947,0.014909111,happy
0.7006742,0.14620852,0.38747948,0.095932126,0.091600716,0.09376642,0.5703352,0.29301086,0.29534662,0.48018056,0.518645,1.2249566,0.3261317,0.04523591,happy
0.80088913,0.18092649,0.4473488,0.043673106,0.048674706,0.046173908,0.29865417,0.29995185,0.30727097,0.50994325,0.5368899,1.3310719,0.3495844,0.03483344,happy
0.7530441,0.16814737,0.46193293,0.036439344,0.037376158,0.036907755,0.24466202,0.30575582,0.29754218,0.5079827,0.48240733,1.3799638,0.3535811,0.006000651,happy
0.693459,0.13950492,0.38822314,0.09352701,0.09960632,0.09656666,0.60127234,0.2919869,0.27946904,0.5221301,0.49007136,1.2791396,0.35428172,0.0011834969,happy
0.7551952,0.18515673,0.4819384,0.07011786,0.061650988,0.06588442,0.43745434,0.28959346,0.27616474,0.51568294,0.49168116,1.2408148,0.31660214,0.030565621,happy
0.81529814,0.12347875,0.32689205,0.12720996,0.08198691,0.10459844,0.7049119,0.31156662,0.31687614,0.52750313,0.5110735,1.3867378,0.29484698,0.057109933,happy
0.7631074,0.18430494,0.4713092,0.07146718,0.056763258,0.064115226,0.4201457,0.2855608,0.2733342,0.51511,0.49046832,1.2309285,0.3185855,0.032743845,happy
0.67077714,0.11911708,0.3486988,0.047471557,0.04743775,0.04745465,0.32165575,0.2962438,0.28599238,0.5103359,0.4887019,1.3120853,0.35501328,0.06375944,happy
0.8773032,0.13259669,0.2801482,0.05091514,0.051415913,0.05116553,0.3210557,0.29469815,0.2786223,0.5358416,0.48945257,1.2133058,0.25518,0.0011311001,happy
0.80639744,0.18882479,0.44305938,0.07113204,0.06870408,0.06991806,0.42792958,0.31458563,0.29547858,0.5391925,0.5047179,1.2585422,0.32895306,0.019878993,happy
0.7382123,0.14012696,0.34029403,0.052694462,0.07065742,0.06167594,0.3781184,0.3067053,0.28741324,0.49152228,0.4443177,1.1708161,0.2616956,0.013491412,happy
0.71823466,0.090035416,0.23581533,0.06285444,0.05270585,0.057780143,0.36955687,0.28285834,0.2716464,0.5110239,0.48996803,1.2151563,0.27406818,0.013544595,happy
0.81283194,0.15071891,0.34159195,0.08418095,0.08620533,0.08519314,0.5154272,0.26985893,0.26358035,0.47122952,0.48554105,1.2097441,0.31253898,0.006451916,happy
0.6706739,0.09534794,0.27811497,0.11318266,0.111054674,0.11211866,0.7365763,0.29906774,0.28717223,0.51173544,0.47406295,1.2020952,0.28578284,0.015604023,happy
0.7693728,0.16038427,0.41233295,0.06470953,0.060129736,0.06241963,0.42143667,0.28114414,0.27772734,0.49394646,0.51458335,1.3115001,0.3290815,0.04640325,happy
0.7576022,0.14825141,0.35707077,0.052568268,0.045671258,0.049119763,0.29910165,0.30776054,0.309345,0.48576772,0.4602529,1.1759433,0.25542325,0.024092996,happy
0.80615157,0.22368203,0.56571376,0.02700052,0.0329655,0.02998301,0.19373569,0.30775172,0.30818865,0.5157866,0.5051491,1.2553807,0.30355754,0.011265435,happy
0.71251106,0.16543569,0.43118733,0.07990961,0.083462656,0.08168613,0.49444357,0.2534404,0.27967027,0.46294585,0.4979727,1.2293124,0.29681614,0.031036125,happy
0.7474987,0.17941456,0.42201874,0.06579687,0.052539382,0.059168126,0.3654128,0.2842889,0.2848269,0.48924035,0.4781406,1.1498231,0.330022,0.055412613,happy
0.7349039,0.20473085,0.55738264,0.07648577,0.07481739,0.07565158,0.49776134,0.28895316,0.27812284,0.5179818,0.5019909,1.2980213,0.31914797,0.03897564,happy
0.8423467,0.11961001,0.2889207,0.06995057,0.06348532,0.066717945,0.44166476,0.30160886,0.30632898,0.51796097,0.5231701,1.2804629,0.27321926,0.010672734,happy
0.80096865,0.16320816,0.40381086,0.07964796,0.06958289,0.07461543,0.4830699,0.28639334,0.3002967,0.49497062,0.5018915,1.3241799,0.32998762,0.01880192,happy
0.73951936,0.17450504,0.44074744,0.08261835,0.072884135,0.07775124,0.47486305,0.2966544,0.29429835,0.51025325,0.5287727,1.2980084,0.35909936,0.015713908,happy
0.76314706,0.19171938,0.44962016,0.0658932,0.05023583,0.058064513,0.35792682,0.28561428,0.29446968,0.48997217,0.48746976,1.1739494,0.3249285,0.042812727,happy
0.6963837,0.13061732,0.39025393,0.04511859,0.04913497,0.04712678,0.3299102,0.29666364,0.27998462,0.5205222,0.49607825,1.3388263,0.30390653,0.008680475,happy
0.7672813,0.19049014,0.45228505,0.065021574,0.09024682,0.0776342,0.44570664,0.27985954,0.256882,0.50192034,0.46273568,1.2629174,0.3643802,0.021520307,happy
0.84187275,0.12148653,0.2908883,0.0654216,0.06804315,0.06673238,0.43634173,0.29997948,0.312321,0.52082735,0.52969337,1.2745289,0.27472848,0.007857845,happy
0.731453,0.054577384,0.13862255,0.08538841,0.07414107,0.07976474,0.4956323,0.26940733,0.2691232,0.49336424,0.49688125,1.20542,0.2567121,0.13260402,happy
0.80120313,0.17109984,0.4246962,0.063524656,0.07448815,0.0690064,0.43975312,0.29160842,0.2832193,0.513778,0.5202327,1.2905204,0.3280103,0.00803785,happy
0.7163331,0.1301042,0.3368945,0.07847836,0.08145656,0.079967454,0.49459472,0.27303475,0.28432292,0.47516817,0.5217952,1.2004449,0.262997,0.017668959,happy
0.7997303,0.19356677,0.4678488,0.07585424,0.06955658,0.07270541,0.45635527,0.3119831,0.29709113,0.5365571,0.50387365,1.261283,0.31897864,0.0067554824,happy
0.73931724,0.14274172,0.40666834,0.0742057,0.08154282,0.07787426,0.5361588,0.30377722,0.2765143,0.5509519,0.48873165,1.3423628,0.3368045,0.026695771,happy
0.76943946,0.17101727,0.43674657,0.031690273,0.021406628,0.026548449,0.18158962,0.27991492,0.2971655,0.4854812,0.52072746,1.258435,0.34242815,0.00090208754,happy
0.76632446,0.13358365,0.3293025,0.05184894,0.06215309,0.057001013,0.35245103,0.2759269,0.29475996,0.49189422,0.5119362,1.2229396,0.28772864,0.040473804,happy
0.7644066,0.04972562,0.124660514,0.067871846,0.07237602,0.070123926,0.4467686,0.26793408,0.28890538,0.47414306,0.53137654,1.2242811,0.24753463,0.061228666,happy
0.770336,0.15257496,0.41489822,0.041993607,0.04223268,0.042113144,0.28108764,0.30923274,0.30335036,0.5135572,0.48611793,1.3823334,0.3360293,0.006889469,happy
0.70894045,0.023853144,0.06640882,0.07117785,0.07587165,0.07352474,0.48991162,0.3065672,0.30551213,0.5095363,0.50228155,1.2463896,0.22074279,0.018946981,happy
0.712983,0.12303741,0.3249299,0.10934448,0.086820506,0.09808249,0.6266112,0.27320927,0.27129495,0.48417705,0.49681747,1.226926,0.29681194,0.035383184,happy
0.7735084,0.14319047,0.35284057,0.043136794,0.040493224,0.041815013,0.26831245,0.2834272,0.2773958,0.5128662,0.49553338,1.2363706,0.2902813,0.017542053,happy
0.6986765,0.15765035,0.43993655,0.017778233,0.032867946,0.02532309,0.16837288,0.32880026,0.2997937,0.48643252,0.4898513,1.2164665,0.278163,0.00445512,happy
0.8056417,0.162813,0.39728272,0.050323613,0.05462558,0.052474596,0.33452216,0.30512142,0.31299895,0.5187235,0.5439477,1.3453655,0.35900477,0.027835427,happy
0.80237156,0.115089275,0.27456984,0.05058457,0.07439703,0.062490802,0.39535886,0.3092855,0.30365556,0.50598,0.51434475,1.2283292,0.29592693,0.037523802,happy
0.75465864,0.17383486,0.43818116,0.03961939,0.05265985,0.04613962,0.28550452,0.29387653,0.29154694,0.49830672,0.5188742,1.2563254,0.3423625,0.03271694,happy
0.78492427,0.12756138,0.327539,0.088849604,0.074599676,0.081724636,0.5305916,0.2956923,0.3039456,0.5072788,0.5238809,1.2940058,0.303416,0.012619093,happy
0.7792335,0.1571291,0.3955639,0.07741929,0.08395288,0.08068608,0.5195625,0.26288772,0.26904008,0.49854106,0.51384693,1.2999662,0.29127526,0.025819933,happy
0.74999684,0.082475424,0.2040269,0.07100854,0.073881,0.07244477,0.42824385,0.29701862,0.29619384,0.4959984,0.50034374,1.2409493,0.28847852,0.056254975,happy
0.7232641,0.16437426,0.4643194,0.04497015,0.060203265,0.05258671,0.35567492,0.31874442,0.2950024,0.50858575,0.51427555,1.2590575,0.28431928,0.0087723695,happy
0.74288124,0.12431196,0.34317416,0.10919885,0.09208128,0.10064007,0.65881604,0.27740142,0.28601924,0.5080128,0.5182121,1.2974306,0.27896842,0.011092754,happy
0.66062665,0.11696615,0.34750873,0.046271678,0.03512534,0.04069851,0.27652785,0.2914983,0.2883372,0.50590205,0.48592827,1.288216,0.34271154,0.06698818,happy
0.716844,0.105685726,0.30188572,0.10816165,0.09086981,0.09951573,0.653311,0.27663326,0.28407866,0.5092871,0.5136224,1.2758393,0.2747922,0.012748082,happy
0.7764464,0.18445152,0.47752437,0.050342537,0.02902771,0.039685123,0.2793574,0.26988322,0.2920749,0.47946414,0.5233416,1.2708743,0.3515788,0.005365851,happy
0.80106056,0.1633213,0.4086765,0.06530741,0.06578335,0.06554539,0.43200773,0.29423815,0.29942027,0.52127814,0.5100848,1.4118787,0.35929534,0.013527157,happy
0.75564975,0.13892238,0.32137746,0.060422298,0.08256004,0.07149117,0.41608843,0.28615573,0.26202923,0.50908846,0.47734827,1.1767896,0.2813094,0.002900046,happy
0.7913974,0.16648719,0.41736618,0.067037806,0.08054626,0.07379203,0.47144213,0.29174593,0.2770615,0.5123074,0.5186016,1.286753,0.33129254,0.006798957,happy
0.69602424,0.058826312,0.16247551,0.07561457,0.08373492,0.07967475,0.5003305,0.2720099,0.2844095,0.48217535,0.52375555,1.2175757,0.27342594,0.005409027,happy
0.75637233,0.15703875,0.39551696,0.04831068,0.044899855,0.046605263,0.29307213,0.28924727,0.2878513,0.49575374,0.5146791,1.2399876,0.32994142,0.03961366,happy
0.7673397,0.1308379,0.31075162,0.06167195,0.050172295,0.055922125,0.33709463,0.28160927,0.29482025,0.50264627,0.5267866,1.2367251,0.27729142,0.070347294,happy
0.7362983,0.18140142,0.45847556,0.08076758,0.07133206,0.07604982,0.46723062,0.29313916,0.29494572,0.5061599,0.5278584,1.2984703,0.35890272,0.018180814,happy
0.7417125,0.060635723,0.16091259,0.059287447,0.0483917,0.05383957,0.35761333,0.26326224,0.28595322,0.4760946,0.5177889,1.240745,0.24584629,0.030905467,happy
0.6751929,0.018861033,0.054551564,0.07839077,0.082995355,0.08069306,0.5058766,0.27398312,0.28625107,0.48361325,0.5226559,1.2283174,0.25103915,0.0011293076,happy
0.8022209,0.21292183,0.5144155,0.076004565,0.071643114,0.07382385,0.46918178,0.3083487,0.2946136,0.5374423,0.50445455,1.2674524,0.33961254,0.014195482,happy
0.7336331,0.12133529,0.31374526,0.05442699,0.027819278,0.041123133,0.2583581,0.3140981,0.31364024,0.51785946,0.5077743,1.2794431,0.30559158,0.004145173,happy
0.7033292,0.16316977,0.46534124,0.07216466,0.07942985,0.07579726,0.48645058,0.30926389,0.27647895,0.5443044,0.48520768,1.3220072,0.37252682,0.016340574,happy
0.7191877,0.09583992,0.2550904,0.08244024,0.07753843,0.07998934,0.51863945,0.2768025,0.28494838,0.49324203,0.46375316,1.2130638,0.23088612,0.010860817,happy
0.73617584,0.09493683,0.24761659,0.07840878,0.06609468,0.07225172,0.4522951,0.28922224,0.2841461,0.50712645,0.49025968,1.2282646,0.25899684,0.02154184,happy
0.8637184,0.16773507,0.39798135,0.083975255,0.07993051,0.081952885,0.52826077,0.2902818,0.2956795,0.47630844,0.50980574,1.3326261,0.3079105,0.023802564,happy
0.747806,0.22010107,0.584523,0.0733381,0.07751357,0.07542583,0.49023524,0.28994942,0.27764568,0.51730007,0.50276935,1.2878053,0.32145622,0.032103483,happy
0.7607805,0.11509578,0.30596945,0.06368554,0.076227486,0.069956504,0.46458027,0.29941377,0.27518353,0.5339238,0.4982611,1.2645057,0.24582228,0.004079096,happy
0.8682898,0.16904889,0.39739236,0.08497087,0.07944225,0.08220656,0.5284164,0.2865352,0.29909593,0.4770109,0.51269734,1.3388034,0.30785722,0.019719133,happy
0.7141647,0.16518229,0.39917472,0.09025576,0.087360345,0.08880805,0.49453998,0.27579877,0.2884663,0.49930122,0.48730478,1.109224,0.31771722,0.012462628,happy
0.73521113,0.12592469,0.3302734,0.08917927,0.08460356,0.08689141,0.5525501,0.27377555,0.28088182,0.5072086,0.5155015,1.2317206,0.25706148,0.052832965,happy
0.74201584,0.16771168,0.45014882,0.061602194,0.06586431,0.06373325,0.4111878,0.31258377,0.3027111,0.52840865,0.52192247,1.3212727,0.29625183,0.053777285,happy
0.7274939,0.20317282,0.5250878,0.06447116,0.09162206,0.07804662,0.494879,0.2925179,0.29214856,0.51671356,0.49589527,1.1868081,0.28363755,0.009319024,happy
0.69097596,0.13287996,0.37526768,0.100687034,0.08779816,0.0942426,0.59027004,0.28892404,0.2877983,0.49704683,0.51566744,1.24161,0.29281542,0.0055468213,happy
0.72697157,0.15488921,0.42606595,0.05990902,0.060107097,0.06000806,0.3917734,0.31145734,0.29974192,0.52519906,0.51515675,1.312355,0.2946383,0.049148448,happy
0.71209973,0.14189695,0.3719718,0.10306601,0.0924472,0.0977566,0.59801793,0.29383042,0.29480115,0.48289865,0.516985,1.2344851,0.3206146,0.045134023,happy
0.7821624,0.14335291,0.3532165,0.04601772,0.050836485,0.048427105,0.31330308,0.27949312,0.27844942,0.51097435,0.4980834,1.2311718,0.29077297,0.017264163,happy
0.732465,0.010111425,0.027237998,0.067401454,0.044451978,0.055926714,0.370395,0.26494855,0.28849012,0.47717968,0.52033377,1.2203505,0.23938873,0.02777146,happy
0.726879,0.1589118,0.39024577,0.087800115,0.095376484,0.091588296,0.52613854,0.28740954,0.2905859,0.50442874,0.4973528,1.1571116,0.3179125,0.0038627074,happy
0.67858636,0.042640246,0.12479852,0.072848216,0.06615263,0.069500424,0.4562009,0.29373252,0.2889449,0.5321201,0.5028182,1.2404495,0.29617628,0.033062544,happy
0.7631495,0.10518795,0.28198156,0.06809416,0.07697887,0.07253651,0.48249823,0.30138078,0.27790087,0.5362956,0.5009892,1.2701377,0.25165653,0.0037687945,happy
0.70612806,0.14093584,0.3763857,0.100039504,0.089050956,0.09454523,0.57612693,0.29630366,0.2978608,0.48447254,0.5129011,1.2275583,0.32232863,0.04896393,happy
0.6865011,0.1204562,0.35965264,0.04999865,0.059913184,0.05495592,0.3741357,0.29608992,0.2860566,0.5207389,0.5075152,1.2666675,0.24803253,0.0060551595,happy
0.7500647,0.18495014,0.49669835,0.031218974,0.043686584,0.03745278,0.25113064,0.29377306,0.28276083,0.5025848,0.5060268,1.2633307,0.28078952,0.033600554,happy
0.84577936,0.14552554,0.31067425,0.04851587,0.04066666,0.044591263,0.26878464,0.2988269,0.28279403,0.54077834,0.4861525,1.1953585,0.2739363,0.008821192,happy
0.77075666,0.14913566,0.3498818,0.065632336,0.0914187,0.07852551,0.4704739,0.2902044,0.26154265,0.5164361,0.46969694,1.206326,0.2840986,0.011965522,happy
0.81170666,0.17345844,0.43727744,0.07114809,0.06800399,0.06957604,0.46860823,0.29966226,0.30091542,0.5258797,0.5126206,1.4026324,0.3580833,0.010219239,happy
0.743009,0.15871842,0.39883754,0.080924876,0.07651095,0.07871792,0.48361444,0.29704985,0.2954176,0.50945604,0.5292638,1.3146099,0.35227323,0.016725972,happy
0.7269526,0.16351995,0.39187133,0.09096472,0.085987866,0.08847629,0.4963265,0.28023136,0.2938433,0.500022,0.49768513,1.1412694,0.3190963,0.010933715,happy
0.7229216,0.027786868,0.07573767,0.07010256,0.07318055,0.07164155,0.472535,0.30687907,0.30844334,0.504112,0.51169705,1.2345021,0.236007,0.01438477,happy
0.75035334,0.10161786,0.24978472,0.073533274,0.07843654,0.0759849,0.44990736,0.28893098,0.29056036,0.4969958,0.4926899,1.2379138,0.28637138,0.0526874,happy
0.74544907,0.19898908,0.53325796,0.07649265,0.073481776,0.07498722,0.4878271,0.29055014,0.27716485,0.51675195,0.5034557,1.2926933,0.3167013,0.03721254,happy
0.8675792,0.11538696,0.26574534,0.06731991,0.064368844,0.06584437,0.42869288,0.30261922,0.31142268,0.5231948,0.5263605,1.281841,0.2746298,0.016246198,happy
0.8410324,0.12587479,0.32985872,0.13311,0.08229117,0.10770059,0.7412494,0.31383058,0.32507023,0.5274285,0.5241107,1.3942251,0.27095997,0.05912038,happy
0.6712863,0.11405617,0.32110524,0.055056565,0.07205391,0.06355524,0.39980134,0.29127133,0.29898873,0.49015278,0.5026179,1.1647199,0.26622784,0.027383916,happy
0.7965519,0.11904276,0.28538412,0.05004468,0.07382573,0.061935205,0.39463598,0.31019834,0.30253205,0.50664556,0.51286316,1.223985,0.2951874,0.035169523,happy
0.7215388,0.14527576,0.37444663,0.083654,0.06042749,0.072040744,0.4503383,0.27710727,0.29545003,0.48202592,0.49980912,1.181218,0.25954205,0.08525213,happy
0.76295793,0.1727253,0.43461537,0.069641754,0.06126148,0.065451615,0.41777974,0.28863138,0.30237943,0.47968304,0.5074621,1.2558392,0.3119846,0.07518147,happy
0.8327793,0.20601805,0.5027132,0.03482941,0.024293765,0.029561589,0.1949212,0.28847232,0.29913995,0.498978,0.49906757,1.2512378,0.29291028,0.068562195,happy
0.6908038,0.092836544,0.24830303,0.08173318,0.085662626,0.08369791,0.51309985,0.2932925,0.30008256,0.5056182,0.48743528,1.1769441,0.30180076,0.1386485,happy
0.79146016,0.18294193,0.46613488,0.02529963,0.032317117,0.028808372,0.18947805,0.30146793,0.31100556,0.50925165,0.50837195,1.2199699,0.2634513,0.15001969,happy
0.82491446,0.21092948,0.5237851,0.07595498,0.09121216,0.08358357,0.56110924,0.28793654,0.27782756,0.5054756,0.47641948,1.2938256,0.32374725,0.060402747,happy
0.70043105,0.1396098,0.39788115,0.07192536,0.07194428,0.07193482,0.46815616,0.30369177,0.29828563,0.51258576,0.52012825,1.2639925,0.27448487,0.029123658,happy
0.7241639,0.14893398,0.40723756,0.068685986,0.06971447,0.069200225,0.43823788,0.29090965,0.3041417,0.49398863,0.51972485,1.3246572,0.27716544,0.001975848,happy
0.7247386,0.24411382,0.66270226,0.093058206,0.09042198,0.091740094,0.5899508,0.28748292,0.2891735,0.50612086,0.48368904,1.2593513,0.32007843,0.15730888,happy
0.7143755,0.16758853,0.44836318,0.051653992,0.028447466,0.04005073,0.26686642,0.2717107,0.2842584,0.4677328,0.5177457,1.1935183,0.3530245,0.029450158,happy
0.71402884,0.11665228,0.32368544,0.07451333,0.07356541,0.07403937,0.48461887,0.2813611,0.26892328,0.50355065,0.51352465,1.2473239,0.28714204,0.036299545,happy
0.69355,0.13841192,0.39883113,0.07460343,0.0665925,0.07059796,0.4470103,0.3073341,0.30908787,0.51767623,0.5106335,1.2881676,0.28168198,0.13572769,happy
0.8405528,0.21026066,0.5059224,0.08284618,0.07934845,0.08109731,0.5312818,0.27628204,0.29537943,0.4752676,0.5017106,1.2612969,0.3093241,0.16829507,happy
0.6785203,0.12986922,0.38051954,0.090688445,0.10714844,0.09891844,0.65751046,0.2718257,0.2733697,0.5117452,0.4976485,1.2327516,0.2949351,0.13091803,happy
0.7710453,0.058544796,0.13991387,0.069134615,0.065340556,0.067237586,0.39467195,0.29568836,0.29824394,0.49861446,0.49789652,1.207324,0.2614101,0.104138985,happy
0.76847357,0.20980053,0.5465127,0.025015902,0.030055054,0.027535478,0.18205656,0.29868588,0.3019134,0.50824213,0.5008056,1.2233324,0.2719736,0.034535356,happy
0.67917985,0.099856146,0.28742963,0.057021346,0.040229924,0.048625633,0.3442331,0.27195308,0.28887084,0.4813691,0.48666972,1.2708303,0.32548597,0.19036388,happy
0.6658616,0.11387211,0.3180745,0.080741145,0.09127461,0.08600788,0.5195187,0.3017473,0.29591316,0.51554596,0.48588225,1.1813358,0.32088682,0.0912343,happy
0.7116651,0.10338041,0.27698317,0.04870873,0.067214355,0.057961542,0.39312077,0.27947456,0.25952348,0.50183594,0.4837716,1.2074496,0.27414218,0.16960229,happy
0.77396476,0.16448365,0.40399104,0.039435744,0.053469144,0.046452444,0.3014323,0.29166764,0.27511653,0.5096214,0.48944837,1.2229748,0.33379567,0.21050549,happy
0.73040074,0.14269155,0.3933396,0.033593584,0.046105187,0.039849386,0.27177086,0.31389117,0.2932258,0.49152818,0.50234306,1.2466829,0.26198545,0.059899714,happy
0.64965534,0.18247902,0.56201553,0.05974194,0.04137898,0.05056046,0.34925053,0.2813487,0.29050207,0.5018595,0.480248,1.2698754,0.36266592,0.20287363,happy
0.7553716,0.10692125,0.26054648,0.037083644,0.056388285,0.046735965,0.2930984,0.2761226,0.2789133,0.4869452,0.49118495,1.1688182,0.27617416,0.17056407,happy
0.7795719,0.19059293,0.4980337,0.05584623,0.06260717,0.0592267,0.39615548,0.30543682,0.316176,0.5186463,0.55432105,1.3306069,0.36116752,0.17007495,happy
0.73622423,0.031764816,0.0805943,0.067636125,0.069721445,0.06867879,0.4060927,0.2822671,0.3066024,0.48320833,0.50987434,1.2174325,0.25832468,0.1870389,happy
0.6464849,0.0048718173,0.014977271,0.0755918,0.049116597,0.062354203,0.41095456,0.29122484,0.28420082,0.52928406,0.4924507,1.2350341,0.26970816,0.09011408,happy
0.69967866,0.16191873,0.4268708,0.07927766,0.07791023,0.07859395,0.48722675,0.29211366,0.2551975,0.5246642,0.45856372,1.1790414,0.26881567,0.057114944,happy
0.6649574,0.10808459,0.32764807,0.02873091,0.05363476,0.041182835,0.26924497,0.31150004,0.29317194,0.5037443,0.5017801,1.2825848,0.28996855,0.14687626,happy
0.7553469,0.17775546,0.4569454,0.07907118,0.07609965,0.07758542,0.49039507,0.28681514,0.28572178,0.5209746,0.5029126,1.2534591,0.3307552,0.121382564,happy
0.7002849,0.07631548,0.18487263,0.068103,0.08325279,0.075677894,0.4354764,0.2777295,0.28180596,0.49529576,0.49474767,1.0256426,0.27115405,0.086140856,happy
0.79712445,0.13220662,0.35885552,0.098145366,0.07500108,0.08657323,0.6032618,0.3034483,0.3281968,0.51629674,0.52942204,1.3409842,0.29048073,0.01112483,happy
0.8398169,0.2044298,0.49486235,0.025568556,0.03555207,0.030560313,0.20359823,0.31087503,0.2781362,0.48927096,0.49498355,1.2440625,0.293212,0.1116309,happy
0.7224233,0.07595783,0.20504358,0.044980586,0.06835531,0.05666795,0.35920548,0.29886562,0.2937129,0.5110737,0.49090785,1.2704335,0.29672393,0.046130292,happy
0.60372835,0.06662713,0.21497686,0.061524253,0.092277154,0.076900706,0.4796817,0.29086185,0.29343313,0.48175716,0.5208225,1.2294416,0.27249944,0.07686029,happy
0.70192784,0.06177061,0.18011051,0.06641931,0.06974201,0.06808066,0.48165688,0.3006448,0.3112514,0.48907647,0.48991075,1.3153945,0.2524091,0.074450076,happy
0.7755494,0.04287603,0.10788699,0.07414412,0.0677153,0.070929706,0.46983525,0.28414848,0.27102017,0.5337299,0.47821775,1.2560847,0.26389113,0.042768214,happy
0.76724833,0.18312143,0.45897537,0.072743155,0.07482482,0.073783986,0.4745789,0.28988847,0.29258126,0.49670756,0.4961558,1.2670118,0.32448292,0.19588184,happy
0.7313556,0.15237424,0.37298933,0.07864773,0.08209596,0.08037184,0.46162844,0.26929182,0.28166306,0.4627319,0.5099219,1.1597934,0.24784179,0.11409008,happy
0.7276093,0.12809445,0.36911643,0.0785512,0.08385657,0.081203885,0.5605676,0.2812093,0.2927214,0.4900075,0.54097146,1.3507242,0.31548303,0.04473047,happy
0.74925244,0.18049532,0.440902,0.045403462,0.065768644,0.055586055,0.3526339,0.29926604,0.28872463,0.5029974,0.48057622,1.1009,0.32160205,0.035324477,happy
0.7511249,0.159361,0.41512695,0.063572995,0.045323405,0.0544482,0.37001795,0.28171408,0.27013826,0.5150635,0.472951,1.2161994,0.3118152,0.20954241,happy
0.74217075,0.15299138,0.36618295,0.06382388,0.03860272,0.0512133,0.3173577,0.30942407,0.30572057,0.49457207,0.47050592,1.1361825,0.26946697,0.17025748,happy
0.5045532,0.3700043,1.3927302,0.10425449,0.10605049,0.105152495,0.6492474,0.27869964,0.300274,0.47986466,0.4943873,1.3373579,0.49309358,0.0111866025,surprise
0.49931857,0.3953549,1.4050503,0.12251078,0.09547771,0.108994246,0.628532,0.30801705,0.30560416,0.48151076,0.4945471,1.3511922,0.5297921,0.030132292,surprise
0.54627824,0.48379904,1.7946575,0.13884664,0.124862604,0.13185462,0.850354,0.30606806,0.3146956,0.49750146,0.48725393,1.3142055,0.52073437,0.010235181,surprise
0.57984,0.47399464,1.5459085,0.095789,0.09520176,0.09549538,0.5963595,0.28345835,0.2896016,0.47333062,0.5299371,1.3008968,0.55390656,0.021291297,surprise
0.49766123,0.34115782,1.2501532,0.11928789,0.122906946,0.12109742,0.7046374,0.30448145,0.29164356,0.49741516,0.48974186,1.2392192,0.46965247,0.017808178,surprise
0.5738356,0.0043998244,0.014518349,0.116687864,0.120957635,0.118822746,0.7335149,0.31015584,0.30412915,0.4888116,0.4924238,1.2393205,0.33354643,0.0062419917,surprise
0.52075803,0.15269144,0.61767536,0.11821765,0.12860185,0.123409756,0.81089,0.32587695,0.28866747,0.53486246,0.4828009,1.3891315,0.45097592,0.008927566,surprise
0.509997,0.3324405,1.3435562,0.10318008,0.0944227,0.09880139,0.66678494,0.30690798,0.29770386,0.49909115,0.47974852,1.3357515,0.4887812,0.00506898,surprise
0.59400773,0.04956535,0.15580331,0.09745376,0.10108672,0.09927024,0.6083822,0.29294586,0.29704615,0.49311167,0.5103124,1.2670157,0.34468737,0.025854506,surprise
0.58957464,0.2026082,0.70525616,0.11442027,0.11118085,0.11280056,0.75510854,0.28513852,0.2869725,0.48703215,0.4858963,1.3393893,0.3829125,0.09621804,surprise
0.5475598,0.37558433,1.4172926,0.12647048,0.13052721,0.12849884,0.840316,0.30734465,0.3106834,0.46322048,0.50902146,1.4440248,0.50020957,0.028147446,surprise
0.49940246,0.3124457,1.23645,0.14720556,0.1443767,0.14579113,0.9859798,0.32124546,0.28907013,0.48302746,0.4919254,1.4265586,0.48037332,0.008622275,surprise
0.5253851,0.37242806,1.4316747,0.11839273,0.10979206,0.1140924,0.77117807,0.30895105,0.31774092,0.50696707,0.49709702,1.3862303,0.54741365,0.040062636,surprise
0.4487007,0.32847553,1.3971355,0.11050432,0.11222318,0.111363746,0.6766352,0.2982361,0.29943794,0.51511604,0.50534576,1.2771598,0.47547573,0.03422803,surprise
0.5024061,0.15746851,0.61425203,0.12369903,0.12538482,0.124541916,0.8206157,0.29716152,0.2807839,0.48662323,0.48718756,1.3769635,0.42107025,0.013018412,surprise
0.50289685,0.2721594,1.0609721,0.15039271,0.14651029,0.14845149,0.9886814,0.32191494,0.28828686,0.4824086,0.49001572,1.4226797,0.4538959,0.0035502396,surprise
0.5182687,0.33049458,1.3893253,0.10124033,0.08767058,0.09445545,0.68121153,0.2799016,0.31306028,0.4529243,0.5058591,1.3978692,0.5138369,0.03141711,surprise
0.49579504,0.41854075,1.7291898,0.12495827,0.10010303,0.11253065,0.7158892,0.31488332,0.29355866,0.5160176,0.5089384,1.4192297,0.53891253,0.018601403,surprise
0.47863594,0.31973305,1.2701583,0.14112815,0.14278087,0.14195451,0.8836631,0.30896446,0.3250004,0.45308414,0.5259228,1.3237965,0.5298495,0.029506318,surprise
0.54372925,0.2514515,0.9388209,0.09845613,0.10390698,0.10118156,0.68096536,0.32210723,0.32920334,0.4776104,0.51053566,1.3274299,0.452286,0.04347509,surprise
0.50653905,0.22989137,0.9151057,0.09918151,0.10142396,0.10030273,0.6457857,0.33832836,0.31241095,0.51709646,0.48936543,1.3144877,0.4113234,0.039393254,surprise
0.46966144,0.24772827,0.99242955,0.13334648,0.12654462,0.12994555,0.7740039,0.27133188,0.2992405,0.4580034,0.5148262,1.2013537,0.36397836,0.005371881,surprise
0.5088667,0.3753615,1.412809,0.107782744,0.105897196,0.10683997,0.65758675,0.28532523,0.30777767,0.4844023,0.48924303,1.3432167,0.49716347,0.016475212,surprise
0.58369315,0.40870756,1.3016244,0.11264939,0.10996182,0.1113056,0.67360485,0.31113285,0.29779425,0.47992074,0.45790917,1.2780492,0.516743,0.051147416,surprise
0.51042295,0.010158158,0.035344508,0.124130264,0.10974867,0.11693947,0.6663607,0.28452656,0.2559803,0.511642,0.45918417,1.1701914,0.31645733,0.011836273,surprise
0.53749174,0.47919288,1.8991976,0.1315617,0.1385703,0.135066,0.8978732,0.28931066,0.27758095,0.4852366,0.49205437,1.4347941,0.53673387,0.051523343,surprise
0.44753072,0.41235542,1.9092654,0.1419478,0.14648364,0.14421573,0.96273714,0.28770596,0.28922787,0.48400825,0.5078395,1.3913962,0.5727229,0.011998061,surprise
0.4655319,0.2592539,1.1676977,0.12848812,0.12428444,0.12638628,0.83943474,0.29464436,0.30335066,0.47638276,0.5094943,1.3499012,0.42171788,0.009728231,surprise
0.4470047,0.2829921,1.2802082,0.14140958,0.13691929,0.13916443,0.88777256,0.29704225,0.2986086,0.4908437,0.49079695,1.3842205,0.4699947,0.0044583385,surprise
0.52858704,0.14517643,0.55978477,0.11160491,0.10805419,0.109829545,0.71619827,0.3000019,0.31972295,0.50405836,0.536852,1.3263818,0.38300955,0.017840704,surprise
0.5221044,0.1454608,0.5896953,0.12355358,0.12965992,0.12660675,0.8312819,0.3270995,0.29653588,0.5389007,0.48250633,1.4247152,0.4395427,0.012566144,surprise
0.55761164,0.24489695,0.8108604,0.13078971,0.1066854,0.118737556,0.73525023,0.28618035,0.2911598,0.4544857,0.47062343,1.2886543,0.41585964,0.011072215,surprise
0.4421677,0.3085048,1.3061806,0.12886667,0.11951773,0.1241922,0.7596835,0.26775,0.31264055,0.43622273,0.48952234,1.2641407,0.45767987,0.012282287,surprise
0.4326054,0.43399417,1.9800091,0.12983944,0.1480387,0.13893905,0.8749199,0.29844016,0.2828329,0.48901027,0.49826962,1.338242,0.59129125,0.00672469,surprise
0.5182154,0.38732547,1.5218514,0.10243809,0.098991655,0.10071488,0.68012875,0.31853342,0.3227963,0.5285807,0.5083228,1.4858114,0.57558805,0.0040630098,surprise
0.4980825,0.22697538,0.9181047,0.10172559,0.08907331,0.09539945,0.6212431,0.33736372,0.31515282,0.51796675,0.48602262,1.3158777,0.43350697,0.035525866,surprise
0.5041802,0.4384084,1.581985,0.14063747,0.1303683,0.13550289,0.79992247,0.2652201,0.26289952,0.48788863,0.47992194,1.3499169,0.54539937,0.017324325,surprise
0.5877234,0.43311313,1.4642859,0.07411096,0.089341365,0.081726156,0.5268518,0.3495641,0.3428148,0.49298313,0.50587237,1.476554,0.5873421,0.008237253,surprise
0.5945691,0.42549747,1.4207803,0.077281445,0.088184915,0.082733184,0.5187604,0.34093726,0.33453402,0.4934034,0.4941939,1.499116,0.5970685,0.0012182604,surprise
0.43681303,0.3545175,1.5027931,0.10829558,0.11049636,0.10939597,0.69361967,0.30795202,0.2935726,0.47797003,0.48894334,1.2540462,0.53265435,0.034289353,surprise
0.4934676,0.40783864,1.4898391,0.12303403,0.10376938,0.113401696,0.6655098,0.3066182,0.30840325,0.48252928,0.4978896,1.3518778,0.5181373,0.030043479,surprise
0.5326997,0.19963014,0.7484112,0.10554134,0.100099765,0.10282055,0.65569115,0.31070268,0.3376241,0.48027393,0.51604456,1.3524668,0.40056697,0.00907102,surprise
0.54401964,0.14709279,0.5406707,0.10185846,0.11926702,0.110562734,0.7106033,0.2939879,0.30487752,0.48288125,0.5252282,1.3315812,0.40008676,0.05599579,surprise
0.54107994,0.35500142,1.35176,0.123134956,0.11887418,0.12100457,0.78997606,0.30773702,0.3146787,0.4656774,0.5115437,1.4746163,0.5106897,0.037346065,surprise
0.49581861,0.41428718,1.601775,0.11395606,0.11482505,0.114390545,0.6985523,0.33943856,0.30754668,0.49955216,0.4753605,1.4006679,0.52607036,0.01414847,surprise
0.57890594,0.44734436,1.5696183,0.077913076,0.083887,0.08090004,0.52726847,0.34993237,0.35310608,0.48468003,0.5059795,1.4581857,0.56504697,0.014589471,surprise
0.5070699,0.2935784,1.1075827,0.11969142,0.109551646,0.114621535,0.7117444,0.29053015,0.3110492,0.4865995,0.4967951,1.2692784,0.4148557,0.00621028,surprise
0.58568996,0.25521824,0.8408207,0.12365806,0.12304363,0.12335085,0.7654864,0.29776174,0.28515047,0.48169744,0.46684262,1.3159025,0.43239367,0.011161745,surprise
0.53697425,0.4808674,1.9115518,0.13251452,0.13589706,0.13420577,0.91873074,0.2822566,0.27821583,0.48040563,0.49184865,1.4284459,0.5420402,0.037109986,surprise
0.45966244,0.33746052,1.5734137,0.09912861,0.10453498,0.1018318,0.7129488,0.33220252,0.31813806,0.5136601,0.4749287,1.3333983,0.5102319,0.037437346,surprise
0.45246372,0.2891571,1.1455579,0.12071012,0.1279477,0.12432891,0.71497554,0.30199227,0.29062766,0.49801192,0.48652267,1.253494,0.46079004,0.024842966,surprise
0.5379274,0.2625986,0.9386859,0.12580317,0.11452083,0.12016201,0.7148702,0.2982258,0.2781295,0.46334195,0.47135082,1.294663,0.48061067,0.008178656,surprise
0.44512892,0.3079418,1.3299803,0.123698555,0.12869711,0.12619783,0.78900635,0.2811929,0.30636498,0.4394223,0.48995963,1.2782508,0.46158966,0.009123606,surprise
0.52583253,0.32091224,1.2773358,0.15370636,0.12867996,0.14119315,0.9436209,0.3220956,0.3166144,0.500702,0.50297254,1.420617,0.43922076,0.005448426,surprise
0.55740124,0.22916217,0.73218197,0.12930149,0.11079677,0.12004913,0.7098032,0.2916432,0.29516214,0.45365012,0.4657327,1.2603885,0.40316486,0.021631628,surprise
0.50477314,0.36512953,1.4401952,0.122726396,0.1100162,0.11637129,0.7519002,0.29139552,0.28721583,0.49190298,0.49482295,1.4581444,0.52748895,0.03579277,surprise
0.42346442,0.288365,1.3369656,0.15120748,0.14808589,0.14964668,0.91571456,0.29536924,0.2938428,0.4905323,0.48855954,1.3844413,0.47335252,0.021587504,surprise
0.489868,0.19943333,0.8500059,0.10170156,0.116666175,0.10918387,0.74819773,0.31023547,0.33986777,0.4802189,0.5470774,1.3742886,0.4305194,0.052389793,surprise
0.48990652,0.34580138,1.4019041,0.1420441,0.14500493,0.14352451,0.93481344,0.29372352,0.29312053,0.49225122,0.47427937,1.3872191,0.499956,0.014470694,surprise
0.5417219,0.3403074,1.2006084,0.1358576,0.12621373,0.13103567,0.77632254,0.29419494,0.27783218,0.45983082,0.4738195,1.3890558,0.5059344,0.014135941,surprise
0.4373349,0.4000953,1.8838454,0.115053155,0.11235673,0.11370494,0.7679135,0.33391595,0.33041537,0.51450944,0.5167161,1.4632154,0.58953345,0.02051917,surprise
0.50426596,0.3313973,1.4310168,0.0917132,0.08179969,0.08675645,0.62412643,0.27330077,0.31333497,0.44782868,0.5056901,1.3937974,0.51750463,0.026625145,surprise
0.5421086,0.42175096,1.6187451,0.14628495,0.12485894,0.13557194,0.9090531,0.296705,0.28893557,0.49946192,0.49479628,1.4106842,0.5167139,0.0037977295,surprise
0.48874673,0.3321048,1.3153633,0.11977534,0.11057117,0.11517325,0.7106114,0.3067681,0.31614125,0.4819474,0.4978756,1.3242999,0.4923495,0.011100048,surprise
0.5149792,0.3551205,1.5358484,0.13019845,0.11374535,0.1219719,0.8343213,0.30690566,0.29926792,0.50978637,0.48967382,1.4289548,0.5015815,0.025783945,surprise
0.5093501,0.19381198,0.8085327,0.123423144,0.123110786,0.123266965,0.82324225,0.32374802,0.31811053,0.5243482,0.529039,1.4195409,0.40316656,0.010729404,surprise
0.43555224,0.3709366,1.748169,0.11445239,0.10946399,0.11195819,0.7559031,0.33856273,0.33308247,0.5170999,0.5173515,1.4676327,0.57965744,0.020588793,surprise
0.5101807,0.4114897,1.5580606,0.113138214,0.11961704,0.11637763,0.7200057,0.33919704,0.30220234,0.5056694,0.46884125,1.4390997,0.53374755,0.012029735,surprise
0.45040432,0.28606805,1.3213955,0.14037366,0.12658007,0.13347687,0.89916825,0.30729076,0.33009425,0.49669552,0.4765451,1.3096865,0.41966718,0.014069773,surprise
0.53503567,0.2916085,1.0428628,0.1371903,0.124485664,0.13083798,0.798784,0.34822312,0.32085145,0.5227304,0.47461954,1.3019547,0.44345027,0.0033666117,surprise
0.4625479,0.37588,1.6616735,0.09837207,0.10392038,0.10114622,0.67580515,0.30090535,0.31466585,0.49371698,0.49987513,1.368333,0.50388193,0.036392625,surprise
0.51049,0.15512757,0.6455144,0.11883263,0.13020349,0.12451806,0.8273875,0.3252583,0.28951168,0.53517544,0.4803065,1.3995295,0.44814852,0.012030857,surprise
0.49559894,0.48067525,1.9369135,0.1259296,0.11312774,0.119528666,0.7774032,0.32784823,0.31565896,0.5163332,0.48038465,1.3520608,0.5217467,0.0026464807,surprise
0.5145312,0.3159396,1.2765477,0.105757706,0.09195691,0.098857306,0.67701733,0.3070977,0.2963237,0.503146,0.48088884,1.3424984,0.48070472,0.0032659236,surprise
0.5665649,0.321631,1.2777605,0.12916048,0.115557365,0.12235892,0.87139803,0.32535356,0.32987088,0.50755644,0.49278256,1.4562763,0.47331256,0.037678163,surprise
0.46257815,0.28551185,1.2576288,0.13673382,0.13438569,0.13555975,0.8837868,0.32589284,0.32018745,0.5022748,0.47925723,1.2517447,0.3991879,0.021553507,surprise
0.4925863,0.32970062,1.306255,0.11994569,0.11352832,0.116737,0.72694206,0.30892068,0.3183785,0.48540747,0.49636316,1.329945,0.48766372,0.014284222,surprise
0.4978213,0.23171978,0.94761515,0.10229397,0.11359466,0.10794432,0.72599083,0.30442974,0.32818487,0.47693765,0.54203385,1.3759382,0.4380827,0.053029023,surprise
0.5508024,0.28324294,1.0238044,0.11710359,0.113960005,0.1155318,0.7618333,0.30093423,0.28772905,0.47665566,0.4667229,1.3256218,0.4596261,0.01773453,surprise
0.5480184,0.2877,1.0689831,0.14146522,0.12402134,0.13274328,0.87182397,0.32657275,0.28238693,0.540819,0.46131545,1.4151604,0.46991795,0.015191758,surprise
0.51874095,0.37775433,1.4309926,0.13972631,0.13606817,0.13789724,0.81684506,0.30565545,0.29201335,0.5037242,0.48972362,1.3464578,0.47671548,0.012420003,surprise
0.46042427,0.25332466,1.1225823,0.13425937,0.12724634,0.13075285,0.85121953,0.28519344,0.3002632,0.47665885,0.5037123,1.3338758,0.42530486,0.010130386,surprise
0.50058067,0.29126716,1.2552096,0.088435695,0.08453744,0.08648657,0.60356396,0.3329005,0.307247,0.5099589,0.48902524,1.402464,0.5056414,0.054344356,surprise
0.5866496,0.46621123,1.5031344,0.08916329,0.100299306,0.0947313,0.5930637,0.2875041,0.29499087,0.48027304,0.53458494,1.3009734,0.54647475,0.016965011,surprise
0.514578,0.43244535,1.7867268,0.10345993,0.09993783,0.101698875,0.7180153,0.30946147,0.3037128,0.51194733,0.48805922,1.368892,0.56192625,0.0042725108,surprise
0.5175412,0.34511536,1.3728611,0.10706312,0.090019196,0.098541155,0.66297126,0.30613765,0.29746333,0.49978384,0.4775027,1.339212,0.48915294,0.010312519,surprise
0.5248019,0.28194684,1.046446,0.12647408,0.12167699,0.12407554,0.7708522,0.3211032,0.29608682,0.5070137,0.4846724,1.3814996,0.45390648,0.0209696,surprise
0.515153,0.38365677,1.547721,0.0801995,0.081922755,0.081061125,0.5536967,0.32050708,0.3317951,0.5186027,0.5034887,1.4699991,0.57084733,0.0008220047,surprise
0.5307661,0.2777989,1.0178396,0.12021767,0.118159525,0.1191886,0.71829844,0.3077927,0.28454155,0.46314076,0.47930503,1.3350991,0.4811801,0.009786687,surprise
0.44954693,0.3887925,1.8051504,0.12621725,0.11355146,0.11988436,0.8055944,0.30045664,0.2950038,0.5060375,0.48535043,1.3295127,0.47693992,0.029144483,surprise
0.44077474,0.30147696,1.2591072,0.12957235,0.11672399,0.123148166,0.7384382,0.26880658,0.31854847,0.43162706,0.49018803,1.2582463,0.4557498,0.012016248,surprise
0.55258596,0.3407418,1.2973869,0.13501903,0.11946641,0.12724271,0.8634038,0.29423934,0.3199627,0.457864,0.5116115,1.4866778,0.5009219,0.038038667,surprise
0.4848774,0.42244554,1.6614784,0.13826166,0.13155901,0.13491035,0.8385344,0.26687503,0.2664653,0.4945448,0.48354697,1.3602575,0.53839654,0.012366496,surprise
0.49612582,0.36053127,1.4104567,0.14008953,0.14704382,0.14356667,0.8965169,0.3050553,0.2943515,0.5061665,0.47464946,1.413761,0.5231566,0.016368195,surprise
0.51594096,0.30573654,1.2189938,0.15249735,0.12637916,0.13943826,0.9177307,0.3143889,0.30785206,0.51048636,0.49684015,1.3421985,0.48524258,0.017957387,surprise
0.5236452,0.42583713,1.7888029,0.10916693,0.10460789,0.10688741,0.787269,0.31548223,0.30752847,0.5158645,0.48706156,1.3632666,0.5502398,0.0074424976,surprise
0.4861759,0.28174344,1.2451708,0.095933,0.08884166,0.092387326,0.6414923,0.32954547,0.31551293,0.5088991,0.49328572,1.392688,0.5051019,0.048018787,surprise
0.5038206,0.24112545,0.93483984,0.13274701,0.13069694,0.13172197,0.8337753,0.30227417,0.2957229,0.47665104,0.49968752,1.3632257,0.4012739,0.009495164,surprise
0.5088672,0.35448745,1.3960998,0.14412992,0.13770682,0.14091836,0.8478458,0.30727184,0.30140665,0.50756073,0.4933095,1.3275391,0.46833372,0.011329407,surprise
0.5767385,0.0005478953,0.0018888013,0.102738336,0.10062941,0.10168387,0.6796145,0.29591244,0.306228,0.48750636,0.5159624,1.2426172,0.26861683,0.0023522736,surprise
0.42901868,0.39267722,1.7916799,0.13207401,0.1465736,0.1393238,0.88477165,0.29304326,0.2927196,0.4802147,0.5075864,1.3864386,0.5608845,0.036749914,surprise
0.48716465,0.35449103,1.3548841,0.1353532,0.15055038,0.14295179,0.8684447,0.30889204,0.31794003,0.45659843,0.5225357,1.3155204,0.54347914,0.034752723,surprise
0.5496925,0.31717578,1.1471661,0.12012595,0.11884214,0.119484045,0.76264924,0.3069914,0.31653208,0.4848166,0.5246607,1.3902601,0.47911897,0.053073507,surprise
0.5115029,0.30139637,1.2044592,0.15515187,0.12789461,0.14152323,0.9275233,0.3128201,0.30650282,0.50650615,0.49759388,1.3476899,0.48826554,0.018640537,surprise
0.5130067,0.3345905,1.3376285,0.11244594,0.10849355,0.11046974,0.7489939,0.31864327,0.32123783,0.51407844,0.5011866,1.3758577,0.53727794,0.04109225,surprise
0.5279039,0.2770379,1.0838554,0.11346051,0.10650521,0.10998286,0.7501955,0.3085886,0.29769772,0.5066135,0.49159166,1.4522026,0.4625269,0.034145582,surprise
0.4834865,0.35737783,1.665914,0.11273235,0.11207472,0.112403534,0.8184426,0.3112565,0.29275024,0.53672886,0.4939145,1.3763541,0.53157926,0.007335402,surprise
0.5833406,0.1836115,0.63913375,0.11321889,0.11070997,0.111964434,0.7432573,0.2842193,0.2852307,0.48410794,0.48314017,1.3317999,0.379217,0.09576788,surprise
0.4873063,0.29266125,1.1274029,0.12402443,0.1152592,0.11964182,0.6914461,0.30576676,0.31609452,0.47557086,0.49714994,1.4236107,0.45147467,0.015862545,surprise
0.5360587,0.30466965,1.1381423,0.14409891,0.10487714,0.124488026,0.8085486,0.3436427,0.32053596,0.52265865,0.47167197,1.2795724,0.45148703,0.0056511345,surprise
0.5867422,0.0009514963,0.0032766825,0.09787121,0.104605414,0.10123831,0.6868384,0.2996067,0.29948577,0.49018422,0.5122462,1.2550157,0.27008188,0.0027564177,surprise
0.57596385,0.24480711,0.82077426,0.12115339,0.11806831,0.119610846,0.74578047,0.2981223,0.2899519,0.4775385,0.47326458,1.292992,0.42715487,0.005731995,surprise
0.461628,0.3085712,1.3968582,0.10842805,0.11381788,0.11112296,0.7344115,0.3425417,0.31416187,0.5223788,0.48810712,1.3397204,0.48725703,0.0014122371,surprise
0.51663625,0.13531643,0.533341,0.1467526,0.14160024,0.14417642,0.9204645,0.2994962,0.31049436,0.48085102,0.51967794,1.3000964,0.32437554,0.027372824,surprise
0.50961155,0.1616235,0.6154532,0.12689067,0.11837912,0.1226349,0.8068263,0.3002765,0.28659114,0.49158883,0.4911575,1.392382,0.405444,0.014074776,surprise
0.46829602,0.35606024,1.568585,0.13227254,0.14755175,0.13991213,0.9422244,0.3376993,0.3177804,0.51836175,0.48377365,1.3731486,0.50120544,0.00038242605,surprise
0.4822663,0.19641246,0.73170614,0.12515362,0.11910319,0.1221284,0.70831895,0.28356612,0.25433737,0.50861305,0.45008627,1.1393923,0.40103862,0.017789703,surprise
0.54006386,0.36216882,1.3404031,0.1036355,0.108429156,0.10603233,0.7212846,0.29123834,0.30568784,0.4735583,0.4992745,1.413649,0.46470794,0.041235656,surprise
0.5109532,0.24271001,1.0157763,0.13132605,0.12527601,0.12830104,0.84254205,0.32746288,0.31882584,0.5260374,0.52668107,1.4431652,0.42775497,0.0005450183,surprise
0.43586007,0.4094075,1.8647792,0.13229,0.14481324,0.13855162,0.8854361,0.30141702,0.29529133,0.48951718,0.50546855,1.3896977,0.56749547,0.038093314,surprise
0.4518703,0.37188834,1.7956241,0.10701341,0.09646884,0.101741135,0.7351828,0.32399753,0.3183459,0.51397187,0.47338983,1.3292191,0.5338915,0.03337671,surprise
0.4856095,0.3443577,1.355504,0.13916188,0.13373736,0.13644962,0.8552086,0.3094042,0.3270077,0.46231282,0.5194925,1.3130163,0.5368865,0.034108035,surprise
0.5291393,0.3538827,1.3545058,0.117461234,0.11560759,0.11653441,0.773032,0.3085238,0.31489307,0.5144997,0.4981922,1.3877352,0.49010032,0.025911229,surprise
0.578076,0.00048994576,0.0016850311,0.10192604,0.101755634,0.10184084,0.6808862,0.29520342,0.30578768,0.48727098,0.5158315,1.2394482,0.2689882,0.0033153363,surprise
0.545496,0.38373774,1.4162936,0.119111314,0.118616946,0.11886413,0.785508,0.31528947,0.3173959,0.5200429,0.50132143,1.3965504,0.50144595,0.026650744,surprise
0.4237888,0.3031165,1.3724455,0.1306629,0.13757072,0.13411681,0.8230097,0.29110682,0.29121825,0.48496956,0.50076926,1.3865501,0.5536602,0.028967503,surprise
0.5365215,0.26481304,1.004484,0.09530883,0.10347422,0.099391535,0.67786825,0.3154096,0.32851243,0.4740507,0.51673895,1.3299907,0.46261957,0.037133846,surprise
0.5032941,0.47171345,1.7359604,0.13494019,0.12951387,0.13222703,0.7909007,0.2728369,0.26865888,0.49546453,0.48313177,1.3377904,0.5607312,0.021396315,surprise
0.46998307,0.3796578,1.7252816,0.12082036,0.11685345,0.1188369,0.8213355,0.29598278,0.29936442,0.50593483,0.4841869,1.3199294,0.46480325,0.030923335,surprise
0.5366758,0.25510803,0.9593776,0.09005747,0.105191946,0.09762471,0.65542966,0.32337117,0.32891816,0.47646305,0.5149528,1.3301284,0.46163872,0.04033371,surprise
0.47319037,0.24587259,0.97026956,0.13366307,0.12546277,0.12956293,0.76420367,0.26789153,0.29313326,0.46288294,0.515313,1.1747582,0.353572,0.008588115,surprise
0.5024771,0.30786788,1.248925,0.11427993,0.11513721,0.11470857,0.7677453,0.31308436,0.31348833,0.47837636,0.49295595,1.3204771,0.43179715,0.015012692,surprise
0.53090477,0.24781951,0.9044853,0.1245049,0.11780757,0.12115623,0.7434488,0.3214444,0.30097216,0.506016,0.48538268,1.3760194,0.42882627,0.023077693,surprise
0.52010083,0.48390085,1.986523,0.1542934,0.15193348,0.15311344,1.0521203,0.32690358,0.31925514,0.5041802,0.4982698,1.4954772,0.59988743,0.00010919279,surprise
0.50331944,0.4704677,1.9618294,0.14798127,0.14566028,0.14682077,0.9829397,0.3278038,0.30614093,0.50080687,0.4780531,1.4196899,0.5722721,0.003332662,surprise
0.4726214,0.32940894,1.5309659,0.109626144,0.108027235,0.10882669,0.77758837,0.31607604,0.29338586,0.5416419,0.4900552,1.3588676,0.5346771,0.0034479345,surprise
0.42252302,0.4088253,1.8964162,0.13314949,0.14719181,0.14017065,0.8954514,0.2925929,0.29073972,0.48079008,0.50569314,1.3839794,0.5651116,0.03634317,surprise
0.45220193,0.4139091,1.9259524,0.12599483,0.11383799,0.11991641,0.8240146,0.2981508,0.29438794,0.5054922,0.48870653,1.3119372,0.49418217,0.031798508,surprise
0.44819126,0.33749807,1.6686305,0.10347323,0.09915332,0.10131328,0.75075424,0.32272297,0.31005037,0.51428795,0.46148217,1.3374829,0.50595397,0.02575941,surprise
0.48517793,0.3186005,1.2833797,0.12110896,0.11041376,0.11576136,0.72089314,0.30604076,0.31062096,0.48026666,0.49222028,1.3126255,0.48915505,0.010397036,surprise
0.49915752,0.33040285,1.4453034,0.14448778,0.121812806,0.1331503,0.8918491,0.31290033,0.29874784,0.5170125,0.48784465,1.4154483,0.5079548,0.023453439,surprise
0.5520784,0.37251702,1.3785098,0.12256617,0.117710546,0.120138355,0.8080329,0.30551708,0.31728965,0.5108912,0.5014578,1.38609,0.5031849,0.031116068,surprise
0.46266618,0.36927387,1.7745671,0.12194658,0.11655747,0.11925202,0.88218635,0.30700383,0.31836328,0.5008598,0.5024015,1.3591274,0.5018135,0.03268898,surprise
0.49558485,0.29960993,1.2878715,0.09269514,0.08723791,0.08996652,0.6191149,0.33256727,0.31168464,0.50801486,0.49049374,1.3925699,0.5021755,0.046650156,surprise
0.44605637,0.42362913,1.9713651,0.12661141,0.11916136,0.12288639,0.8355368,0.3098602,0.3373057,0.48670286,0.5227651,1.4294243,0.5900271,0.008471119,surprise
0.44100526,0.4500036,2.0319993,0.13496388,0.14901847,0.14199118,0.9062987,0.2953029,0.2839554,0.48666304,0.5001361,1.3715695,0.59723413,0.0028340872,surprise
0.56487185,0.31865305,1.244277,0.12131271,0.12234296,0.121827826,0.8465355,0.32292697,0.33100274,0.50234246,0.49591064,1.4373038,0.45365962,0.039616093,surprise
0.46736854,0.33452147,1.4903959,0.0958662,0.1101592,0.103012696,0.6948934,0.31573808,0.3192668,0.5023409,0.5032222,1.4011682,0.48157305,0.036256913,surprise
0.55832195,0.31787002,1.1356531,0.1304797,0.1208242,0.12565194,0.8219844,0.29392576,0.285969,0.47356638,0.46432543,1.3344256,0.46676165,0.009697289,surprise
0.4972142,0.35286224,1.3543881,0.14026125,0.14477418,0.1425177,0.87892914,0.30011377,0.29048675,0.50237274,0.4724899,1.4050183,0.5172516,0.018251458,surprise
0.5098445,0.32019413,1.2117794,0.12210771,0.11032209,0.116214894,0.7268094,0.28578445,0.3112088,0.48285443,0.49530345,1.2518822,0.4285877,0.002304884,surprise
0.54621786,0.31065217,1.1084782,0.12388259,0.12092339,0.122402996,0.77471954,0.2967979,0.28589886,0.47924867,0.4613812,1.30445,0.45768097,0.011959876,surprise
0.5520017,0.3006622,1.0724516,0.1428452,0.12613204,0.13448861,0.8522972,0.32703242,0.28193906,0.53785366,0.46378225,1.4011093,0.4803881,0.013212299,surprise
0.579678,0.30875126,1.1886723,0.12292037,0.11627638,0.119598374,0.8481259,0.32874286,0.3411216,0.51131266,0.490925,1.4517293,0.44589287,0.03967461,surprise
0.51570725,0.3668547,1.4107198,0.14263381,0.13230659,0.13747022,0.83010983,0.30445075,0.29791543,0.4968897,0.50113976,1.3383034,0.4777204,0.009772623,surprise
0.44925147,0.4214971,1.958197,0.12928654,0.12225186,0.1257692,0.85646665,0.30548874,0.33455902,0.48136774,0.5235623,1.4174814,0.54744166,0.00033153594,surprise
0.44064486,0.12812924,0.5562334,0.1287758,0.13178748,0.13028164,0.7895159,0.29372206,0.29713443,0.48398915,0.50222504,1.358272,0.4696731,0.028837038,surprise
0.58163494,0.21301228,0.7149248,0.11883785,0.12058462,0.11971124,0.7582001,0.3020312,0.2791477,0.48380783,0.46937254,1.3345277,0.41414127,0.004493309,surprise
0.4507432,0.21484597,0.98632383,0.10821514,0.09840095,0.103308044,0.68492347,0.3432625,0.33325323,0.5112333,0.5172224,1.3332098,0.409646,0.027376154,surprise
0.5250248,0.31844306,1.2501814,0.10632869,0.107753426,0.10704106,0.7246972,0.3073543,0.300719,0.5012188,0.4950918,1.4312825,0.4896561,0.03118623,surprise
0.5067761,0.3342243,1.3102739,0.120928004,0.117432095,0.11918005,0.76643175,0.296207,0.2835859,0.49917936,0.48831397,1.43547,0.48877662,0.011969217,surprise
0.54357016,0.2684837,1.0034945,0.12989293,0.12424746,0.1270702,0.8268675,0.32871675,0.2779303,0.53511685,0.4653786,1.4430422,0.4713328,0.023793314,surprise
0.46712318,0.2721978,1.2252368,0.13268197,0.12793681,0.13030939,0.8756737,0.29128936,0.29914948,0.47634196,0.5085109,1.3464779,0.42877436,0.013943517,surprise
0.5166394,0.44643143,1.8694475,0.10778978,0.101026945,0.10440836,0.75004023,0.31450284,0.30714968,0.5143438,0.49187306,1.3779424,0.5514331,0.0021617508,surprise
0.5275599,0.33225378,1.3006784,0.15644221,0.14154764,0.14899492,0.97613156,0.32128644,0.30571684,0.49862665,0.49808097,1.4048322,0.44087696,0.0011579897,surprise
0.5044369,0.22482084,0.94786173,0.13416938,0.12269089,0.12843014,0.8390453,0.32751358,0.3236313,0.52937114,0.5292674,1.434527,0.4139466,0.0043522012,surprise
0.48902223,0.08971143,0.33066338,0.12271132,0.12023715,0.12147424,0.7019703,0.29103786,0.25944546,0.51416296,0.4647193,1.181791,0.34029713,0.011692979,surprise
0.52931803,0.16722314,0.64700806,0.10890322,0.11212362,0.11051343,0.72534424,0.2985112,0.3273266,0.49958077,0.5424056,1.3776143,0.42109108,0.027588608,surprise
0.53064865,0.28874114,1.1180581,0.10955752,0.10681571,0.10818662,0.70976776,0.31024706,0.30056885,0.49938026,0.5026776,1.3944781,0.43180394,0.020676827,surprise
0.49686363,0.27849466,1.0377848,0.12642652,0.11914439,0.12278544,0.700255,0.30763227,0.315595,0.47819868,0.49413827,1.4177203,0.44694263,0.013840064,surprise
0.5125529,0.17034425,0.6225722,0.13120379,0.11882097,0.12501238,0.78708833,0.30159262,0.2817185,0.49243858,0.48314703,1.3812964,0.42114338,0.014271219,surprise
0.5477464,0.41361982,1.5881054,0.14266968,0.13259564,0.13763265,0.9453497,0.3021047,0.280216,0.5077005,0.4885262,1.4088778,0.513053,0.0103542665,surprise
0.54724514,0.30604234,1.1675409,0.10017233,0.103800885,0.10198661,0.7206071,0.28725344,0.28898457,0.48447686,0.48708254,1.4091914,0.42556852,0.055490423,surprise
0.503786,0.35942733,1.5700431,0.1308044,0.1150357,0.12292005,0.8335217,0.3116563,0.2987005,0.5111941,0.4920262,1.4077777,0.5053502,0.022872325,surprise
0.5028916,0.41129464,1.5070801,0.12986907,0.10316218,0.11651563,0.6982826,0.30565977,0.31213966,0.48422605,0.5017247,1.389248,0.5348948,0.025936794,surprise
0.49337354,0.43645933,1.816929,0.13534698,0.12688172,0.13111435,0.88410807,0.32964155,0.3111731,0.5236876,0.47867584,1.349266,0.505202,0.0007029349,surprise
0.46155354,0.30918095,1.3966056,0.110036775,0.11031568,0.11017623,0.72449404,0.34514028,0.31347173,0.5269234,0.48390713,1.3291552,0.47626942,0.001691062,surprise
0.4909626,0.311696,1.3243685,0.099603415,0.10278378,0.10119359,0.6901788,0.30407158,0.313464,0.50415504,0.49663106,1.3832009,0.4694574,0.037798114,surprise
0.518919,0.23860726,0.9533824,0.11516195,0.112038724,0.113600336,0.75532764,0.29733583,0.2946788,0.5041212,0.50436324,1.3306181,0.40472436,0.026878692,surprise
0.45100793,0.2986203,1.342284,0.1377882,0.14127555,0.13953188,0.89902824,0.3261343,0.32425332,0.4980943,0.48487607,1.2457172,0.3915096,0.028967435,surprise
0.54514456,0.18949318,0.68303955,0.093987316,0.09373093,0.09385912,0.6107549,0.28155592,0.27829787,0.48263952,0.48407963,1.383345,0.36638913,0.059810262,surprise
0.54461724,0.2482763,0.90985286,0.103550114,0.09715718,0.10035365,0.6314007,0.31612182,0.3419649,0.48509294,0.512084,1.3748183,0.43273228,0.0054604844,surprise
0.51933825,0.3801351,1.4873923,0.09656171,0.08433633,0.09044902,0.60306805,0.32667866,0.32399487,0.53416204,0.5009,1.5015405,0.5839437,0.0010999005,surprise
0.59016436,0.42480668,1.3162016,0.10108335,0.10637563,0.10372949,0.62895024,0.31488556,0.2970439,0.48284224,0.45732328,1.279667,0.53660226,0.05431219,surprise
0.57120013,0.48189205,1.5829217,0.09748006,0.095319055,0.09639956,0.6020657,0.28141534,0.29093462,0.4748156,0.52888113,1.2988589,0.5524644,0.0140122,surprise
0.4566036,0.38627383,1.8489197,0.12577651,0.11775695,0.12176673,0.8761458,0.31139073,0.31394592,0.5024993,0.4940667,1.3339847,0.5251842,0.03394184,surprise
0.4648851,0.28760582,1.2057854,0.13589929,0.12945548,0.13267739,0.8331421,0.3058157,0.31762433,0.48514676,0.481427,1.2739938,0.44139,0.0019340245,surprise
0.5383635,0.42447338,1.6607125,0.13888,0.1349449,0.13691245,0.930368,0.2995177,0.29041493,0.5043593,0.4995546,1.4530827,0.53935057,0.006742801,surprise
0.42904365,0.2890344,1.334853,0.14582776,0.14275262,0.1442902,0.8899869,0.30237138,0.29860672,0.49184522,0.4976992,1.3790971,0.4851467,0.016044771,surprise
0.4695749,0.35886642,1.5721245,0.13476625,0.13985576,0.137311,0.92534786,0.32507524,0.31894132,0.507408,0.4838146,1.3715496,0.49175096,0.005940538,surprise
0.4282256,0.34092975,1.53704,0.10452196,0.10334148,0.10393172,0.69235927,0.30923194,0.30711514,0.47502813,0.50051343,1.245284,0.53267497,0.030260049,surprise
0.5321097,0.17288725,0.64740145,0.09624431,0.09515313,0.09569872,0.6061025,0.31238055,0.3361389,0.47854504,0.51498795,1.3163396,0.37848878,0.011748728,surprise
0.5216141,0.1427686,0.5534159,0.14042209,0.13775401,0.13908803,0.87873024,0.29604006,0.31246614,0.47929657,0.5212133,1.2959138,0.32146278,0.028379334,surprise
0.5123394,0.13632351,0.54119724,0.1484356,0.13835424,0.14339492,0.90983266,0.29747874,0.30970263,0.48274124,0.5208207,1.3012054,0.3221287,0.025123565,surprise
0.52293026,0.46193314,1.8931568,0.1533476,0.14591143,0.1496295,1.0355549,0.3355727,0.31328374,0.50595546,0.49381483,1.4712474,0.56778973,0.007323822,surprise
0.5202588,0.33891004,1.3744359,0.09603013,0.0834516,0.089740865,0.62585765,0.27321836,0.31330884,0.4499809,0.4979982,1.3790152,0.500452,0.03242977,surprise
0.40498358,0.3776629,2.011391,0.12723573,0.14033796,0.13378684,0.93007934,0.33311337,0.3090178,0.52453387,0.5215854,1.3817109,0.5195823,0.001577839,surprise
0.52452135,0.33805332,1.3373882,0.10885899,0.10782561,0.108342305,0.72037566,0.31380722,0.30401537,0.49506995,0.50667095,1.393223,0.47432214,0.033905294,surprise
0.5120422,0.22411402,0.879704,0.13830626,0.12905948,0.13368288,0.8548056,0.30239868,0.30886346,0.47552443,0.51814806,1.3379412,0.39668047,0.017183447,surprise
0.4556701,0.405883,1.9989955,0.11477714,0.13215414,0.123465635,0.91818553,0.31451935,0.31463748,0.49908835,0.4941445,1.3466938,0.535628,0.0425097,surprise
0.44536886,0.28824618,1.3080474,0.13846603,0.13677603,0.13762103,0.8806239,0.31836432,0.32599065,0.49300632,0.48371282,1.2235637,0.38969496,0.024427462,surprise
0.4490706,0.34061807,1.4874636,0.11015681,0.105422735,0.10778977,0.67998964,0.29317087,0.29988876,0.503429,0.5060423,1.2524828,0.49373034,0.025335902,surprise
0.52856565,0.31873912,1.2333529,0.12483043,0.112366706,0.118598565,0.7792757,0.30037856,0.28190163,0.5063671,0.49028027,1.4280204,0.4668191,0.016766392,surprise
0.47535107,0.41214317,1.7920799,0.12073523,0.10688195,0.11380859,0.73763585,0.30586287,0.29696974,0.50736207,0.5103458,1.3900243,0.5121945,0.020666441,surprise
0.54823387,0.25873986,0.94165117,0.116076216,0.12736763,0.12172192,0.7674466,0.30608916,0.31213754,0.4844007,0.52167,1.36959,0.4621751,0.05784788,surprise
0.5036662,0.18515232,0.70916474,0.13048498,0.1276818,0.12908341,0.78590465,0.30169094,0.294358,0.47984028,0.50574934,1.3120304,0.37356782,0.016031144,surprise
0.50606066,0.23556569,0.9347156,0.097815774,0.09132016,0.09456796,0.6070726,0.34098473,0.31482658,0.5148279,0.48898464,1.3164968,0.43683255,0.03547132,surprise
0.48587573,0.46154225,1.9247793,0.13490644,0.11179132,0.12334888,0.82238555,0.31808674,0.31739864,0.51819545,0.47930774,1.3385521,0.51237476,0.009362226,surprise
0.51058125,0.4453438,1.863599,0.13813312,0.13757692,0.13785502,0.93613994,0.28371778,0.27744737,0.48197302,0.48718253,1.3872755,0.517143,0.03384912,surprise
0.43101954,0.10321826,0.45764357,0.12946597,0.12347853,0.12647226,0.7762531,0.29407036,0.29851437,0.48382813,0.5024122,1.3665084,0.45689228,0.02614037,surprise
0.5110561,0.3264234,1.2903298,0.15091303,0.13395624,0.14243463,0.91520125,0.31373647,0.29879868,0.50957984,0.49182537,1.3414497,0.5061288,0.010631659,surprise
0.5231406,0.22356206,0.8836489,0.11074278,0.11409197,0.11241738,0.74517053,0.29553506,0.3293218,0.49840662,0.5440451,1.3716794,0.44228184,0.023371503,surprise
0.51785666,0.36473384,1.4155203,0.11656677,0.106854275,0.111710526,0.74730474,0.31383723,0.32104746,0.50813985,0.496329,1.3887194,0.5544751,0.040563338,surprise
0.44370744,0.3544594,1.5441169,0.11236328,0.10890315,0.11063321,0.68431234,0.2973511,0.29722896,0.50819105,0.5027231,1.2581329,0.48668373,0.031536132,surprise
0.49490008,0.2704175,1.011289,0.1261811,0.11799356,0.12208733,0.7052326,0.30516922,0.31214514,0.47276714,0.48979887,1.4015617,0.4426764,0.011122973,surprise
0.5595562,0.22692168,0.7308944,0.13506615,0.11020191,0.12263402,0.73754287,0.29164642,0.2986029,0.45624864,0.46373335,1.2694232,0.40611053,0.018788997,surprise
0.50031304,0.41709065,1.5582616,0.11929953,0.11514851,0.117224015,0.71001625,0.33392614,0.29791436,0.50278133,0.46362343,1.3996352,0.5375922,0.009091251,surprise
0.5647834,0.06357257,0.2142181,0.12626067,0.12771186,0.12698628,0.77379,0.31288883,0.3032216,0.4816175,0.48987338,1.257536,0.36725697,0.007949462,surprise
0.44809335,0.24100243,1.0804619,0.10714958,0.09619549,0.10167253,0.6580427,0.34220904,0.3315144,0.50843275,0.51457775,1.2951303,0.4107536,0.034287736,surprise
0.49391258,0.3154139,1.3004385,0.11946867,0.11451985,0.11699426,0.7824863,0.31035638,0.3188618,0.4778236,0.49647313,1.3209505,0.44352186,0.014336716,surprise
0.45462626,0.23608471,1.0599642,0.10939744,0.09375282,0.10157513,0.6691655,0.34063753,0.33053532,0.5085474,0.51556337,1.3172129,0.4159296,0.036022823,surprise
0.43262893,0.34658432,1.4703164,0.11000753,0.11104362,0.11052558,0.6976939,0.3028735,0.2929459,0.4740303,0.49404243,1.2583959,0.5133346,0.035821553,surprise
0.5260339,0.33356825,1.3081008,0.1548423,0.13188915,0.14336574,0.93703246,0.3245895,0.31064388,0.5010947,0.4992877,1.4159094,0.43601513,0.001523187,surprise
0.48604864,0.37096828,1.7072765,0.11337145,0.112276115,0.112823784,0.81589764,0.30895135,0.2882742,0.5368663,0.48541352,1.3694749,0.52662075,0.015366186,surprise
0.55530715,0.2942194,1.0386006,0.13975607,0.11615026,0.12795317,0.80489534,0.3554491,0.31390136,0.5255854,0.46692166,1.3116894,0.46781263,0.0011576525,surprise
0.47491947,0.42462382,1.8415904,0.12176371,0.10713645,0.11445008,0.734596,0.30771366,0.3006097,0.5080743,0.5147069,1.4097946,0.5275202,0.021524694,surprise
0.58455515,0.27986875,0.91699266,0.1312991,0.1329241,0.1321116,0.80656165,0.32052287,0.314301,0.48716965,0.4948019,1.3421012,0.467966,0.022743875,surprise
0.5893075,0.26694554,0.86784124,0.10962355,0.12121075,0.115417145,0.7195657,0.2942681,0.29638556,0.48557034,0.50931364,1.3408984,0.46051902,0.010713398,surprise
0.46781057,0.24867344,1.0039461,0.12953596,0.123908006,0.12672198,0.7685813,0.26941457,0.30182254,0.45278686,0.51118076,1.2028913,0.38351944,0.0024118687,surprise
0.41950944,0.36835536,1.8744216,0.13572955,0.13402054,0.13487506,0.92828405,0.33131725,0.31778315,0.5163406,0.51891726,1.3456255,0.5176273,0.001378393,surprise
0.57622045,0.19780703,0.70670563,0.11126062,0.11146997,0.111365296,0.7498228,0.28564262,0.28462705,0.48523906,0.48477197,1.331089,0.38032472,0.093379065,surprise
0.5177187,0.45439202,1.7714683,0.13183813,0.12279074,0.12731443,0.812506,0.2974872,0.3116366,0.49693114,0.4828424,1.2795787,0.5039084,0.012984479,surprise
0.49854127,0.26247683,1.0269413,0.122221835,0.111874714,0.11704828,0.7454067,0.2839861,0.30852348,0.4782001,0.49952653,1.2544112,0.39649215,0.0086665135,surprise
0.44798806,0.4133433,1.9453331,0.12638636,0.12871985,0.1275531,0.8928904,0.29637614,0.33042577,0.47996107,0.5236346,1.4309192,0.5572041,0.005041127,surprise
0.46481353,0.31370285,1.4132507,0.13755232,0.13156058,0.13455644,0.9132332,0.3058287,0.31805992,0.48107484,0.48696882,1.3299209,0.41984305,0.01646964,surprise
0.53061426,0.46900094,1.8468926,0.13199785,0.12420595,0.1281019,0.8489163,0.3043705,0.30708924,0.5024471,0.48344365,1.3123114,0.5279768,0.012833187,surprise
0.6003773,0.21472195,0.6673225,0.10951267,0.11414521,0.111828946,0.67930865,0.29325527,0.29583624,0.49019632,0.5106903,1.2990525,0.41779977,0.01612279,surprise
0.43637332,0.38685107,1.84365,0.11029087,0.11361234,0.11195161,0.76322854,0.33830988,0.33081234,0.5122979,0.51756734,1.4605327,0.58200353,0.023458209,surprise
0.46840563,0.40011978,1.7498723,0.13522471,0.14302112,0.13912292,0.9294649,0.3294129,0.31678063,0.51355606,0.48847032,1.3990005,0.51901966,0.0024067396,surprise
0.46322572,0.32556906,1.4721936,0.10453507,0.12632099,0.11542803,0.7719816,0.35438254,0.30390188,0.5325828,0.48829508,1.3458463,0.483337,0.006277074,surprise
0.42232707,0.38205042,1.9088826,0.12900002,0.13742518,0.13321261,0.91919494,0.33170536,0.31533867,0.51724255,0.5202342,1.3502538,0.52735615,0.002481766,surprise
0.49180025,0.23221126,0.95343035,0.10692082,0.10252455,0.10472268,0.69733155,0.29454082,0.32894942,0.46980828,0.5385633,1.3742094,0.4314588,0.05429884,surprise
0.51796424,0.2997204,1.123433,0.12370475,0.11906578,0.12138526,0.7531207,0.316853,0.2940828,0.50164807,0.48261547,1.3721621,0.4655613,0.026041055,surprise
0.50553465,0.29303136,1.1231041,0.16204973,0.14993502,0.15599237,1.0294199,0.3040568,0.2791541,0.47464195,0.49480602,1.4342467,0.474509,0.0012163246,surprise
0.48988408,0.3538645,1.3637464,0.103423685,0.10571074,0.10456721,0.63001704,0.28537282,0.3007692,0.4830969,0.49253654,1.3086718,0.48864782,0.020963717,surprise
0.5220978,0.32162687,1.2789605,0.11043194,0.114605054,0.1125185,0.7649583,0.30379254,0.30544475,0.50227326,0.5027401,1.4419478,0.48765814,0.032189354,surprise
0.49219027,0.3163807,1.3401943,0.119609855,0.11244329,0.11602658,0.7955896,0.31599554,0.32420394,0.48249823,0.49644825,1.325243,0.44066498,0.01746442,surprise
0.4792668,0.3727483,1.432914,0.123517886,0.12619828,0.12485809,0.73246765,0.30828208,0.29700047,0.5005011,0.49040306,1.2578285,0.49194345,0.01913447,surprise
0.6089359,0.39760476,1.1721766,0.08873824,0.09604806,0.09239315,0.55110294,0.31503543,0.31689942,0.47688892,0.46812457,1.2915069,0.5152388,0.055097364,surprise
0.5961463,0.0017377953,0.005509553,0.070179984,0.076519445,0.073349714,0.45605153,0.29793653,0.2778109,0.54442644,0.50142306,1.1717478,0.24794547,0.026585214,anger
0.52391833,0.0008914332,0.0030973367,0.07443175,0.06863496,0.07153335,0.43092516,0.29004467,0.28581208,0.515657,0.5009425,1.1632541,0.29227418,0.012239767,anger
0.54456085,0.0023000306,0.007874419,0.06752493,0.087356836,0.07744089,0.49216017,0.26519123,0.27267694,0.51554185,0.49479857,1.158142,0.21614371,0.008190157,anger
0.584109,0.0005662384,0.0019480626,0.09177656,0.096122436,0.0939495,0.6229029,0.30096373,0.29212162,0.52817523,0.49429432,1.314256,0.33722314,0.042018197,anger
0.5194489,0.0010463931,0.003974723,0.06957479,0.08577281,0.07767379,0.49970844,0.29889372,0.29120493,0.52965134,0.5363527,1.252293,0.27070203,0.00032259853,anger
0.5477815,0.003945726,0.013495917,0.06728635,0.089575894,0.07843112,0.49344394,0.27030292,0.28038242,0.5163102,0.5002246,1.1489966,0.21634278,0.0041882293,anger
0.48563778,0.0042300895,0.015425072,0.07255248,0.07111434,0.07183341,0.43696287,0.25268784,0.27382222,0.4547312,0.48139775,1.147544,0.28653383,0.018085606,anger
0.51310384,0.00027362636,0.0010284071,0.106328465,0.11083759,0.108583026,0.68229663,0.27544844,0.26471886,0.52354825,0.51814896,1.3321795,0.30014768,0.0054294784,anger
0.5418134,0.0012227207,0.003675998,0.10779321,0.10583878,0.106816,0.5580565,0.26372716,0.27655035,0.4870267,0.5121593,1.0938679,0.25701374,0.016284496,anger
0.55145395,0.00013927446,0.0004787205,0.10661861,0.11639988,0.11150925,0.68877524,0.2781131,0.26482734,0.52459383,0.52051646,1.3408816,0.3067745,0.0048619793,anger
0.6341266,0.0011677695,0.0035944951,0.08241147,0.079132885,0.08077218,0.51838005,0.29886866,0.30236095,0.52765465,0.5274696,1.2696714,0.2714871,0.025717845,anger
0.55662113,0.0014174498,0.0048903436,0.079610646,0.07299033,0.07630049,0.47361794,0.2712994,0.27841783,0.49956876,0.5175868,1.2174393,0.28680566,0.017277472,anger
0.6241952,0.0027786794,0.00856255,0.07742911,0.07261738,0.07502325,0.47174978,0.29912275,0.27795875,0.52537805,0.5120448,1.2429541,0.29933268,0.05669345,anger
0.4486662,0.00288274,0.012337857,0.031981107,0.01790125,0.024941178,0.15139014,0.31254172,0.32166117,0.485703,0.51853454,1.2368494,0.26040143,0.009549658,anger
0.57355136,0.0013066396,0.0038362546,0.087074734,0.09038878,0.08873176,0.49271157,0.2589103,0.26717934,0.48259786,0.48978892,1.1681653,0.27192074,0.0049205543,anger
0.4833922,0.016335279,0.062697776,0.12661825,0.11734889,0.121983565,0.71840805,0.29773375,0.27791005,0.5254791,0.47350413,1.1884958,0.30690953,0.015186794,anger
0.437934,0.043554675,0.19615541,0.066529505,0.07566461,0.07109706,0.46609458,0.27926138,0.26811752,0.50942457,0.5181146,1.2407044,0.33548257,0.033504814,anger
0.51639,0.009482628,0.03468341,0.024630802,0.058114953,0.041372877,0.26070565,0.3268222,0.2862658,0.5360989,0.4873754,1.1937,0.3049399,0.028958494,anger
0.49363908,0.027905473,0.110261574,0.085717,0.09249613,0.08910657,0.5699008,0.27096996,0.28071427,0.48530006,0.5230458,1.2447467,0.26601097,0.013520444,anger
0.44480854,0.014919568,0.06180972,0.04549836,0.01628938,0.030893868,0.20116752,0.280099,0.27964282,0.49904236,0.49597308,1.1967477,0.32499602,0.0028932623,anger
0.58665586,0.00081861624,0.0027173078,0.070690535,0.06499202,0.06784128,0.43842366,0.28366312,0.28285593,0.5374326,0.50269014,1.2268794,0.23638491,0.010727855,anger
0.6755667,0.002948102,0.0081532765,0.049148478,0.050197553,0.049673013,0.30723265,0.2891567,0.28949243,0.5231742,0.512694,1.171024,0.247703,0.032452382,anger
0.53586805,0.0008482788,0.0030232472,0.05571135,0.047744628,0.051727988,0.33522323,0.28140634,0.29403633,0.4850362,0.5458523,1.1937777,0.29259646,0.012914429,anger
0.51407015,0.00070924434,0.0026611625,0.09014952,0.0890475,0.08959851,0.5860493,0.27852377,0.26425254,0.5157165,0.51721716,1.2304164,0.3099737,0.015102864,anger
0.4957834,0.0016570636,0.0062068515,0.042303,0.06230614,0.05230457,0.3288774,0.29056764,0.28532958,0.5241697,0.5201341,1.2371515,0.29897264,0.0032630116,anger
0.42530057,0.07255327,0.32234332,0.06977856,0.07252011,0.07114934,0.4430574,0.27497107,0.26814848,0.50553894,0.51073515,1.2017627,0.3251579,0.017545935,anger
0.5251578,0.0032538692,0.011366372,0.08474392,0.06539485,0.07506938,0.46743044,0.25768954,0.2725462,0.49862182,0.48463613,1.2239095,0.28009617,0.017715188,anger
0.5109947,0.002084371,0.007969998,0.070228025,0.07466883,0.07244843,0.46725646,0.3039066,0.3063773,0.5058827,0.515527,1.2358937,0.2913858,0.0010391835,anger
0.5018904,0.0056141606,0.019868562,0.07284067,0.07386392,0.0733523,0.4430662,0.2601893,0.27150783,0.46331647,0.48300853,1.1619037,0.2886594,0.015418455,anger
0.48488423,0.00295686,0.011426082,0.11883648,0.11362884,0.11623266,0.69784975,0.291741,0.27668926,0.520616,0.47454295,1.1944023,0.30658782,0.010473839,anger
0.4867888,0.0045861546,0.01667026,0.07219327,0.069704466,0.07094887,0.42618626,0.25757265,0.2750539,0.45970052,0.48193341,1.1523516,0.29722154,0.014599353,anger
0.47420326,0.0010782353,0.004029826,0.08046348,0.06532624,0.072894864,0.4356214,0.2753274,0.2792194,0.5217355,0.5081856,1.1647204,0.28626204,0.007198576,anger
0.6048269,0.005793215,0.019050173,0.03983536,0.059510704,0.049673032,0.33003047,0.28745946,0.27131724,0.5182701,0.49311292,1.3092126,0.2653601,0.008521067,anger
0.53023624,0.004502185,0.015597622,0.09232244,0.066573404,0.07944792,0.4911979,0.25291958,0.27225703,0.4925055,0.49235526,1.2179204,0.28184807,0.014353866,anger
0.47422084,0.0032608465,0.012849612,0.043245766,0.049777772,0.04651177,0.29052636,0.26313508,0.27724254,0.49029619,0.51138973,1.2505547,0.31091082,0.015008635,anger
0.5309709,0.00012464145,0.00042759252,0.071412995,0.07109416,0.071253575,0.42910755,0.29101038,0.28174782,0.51767194,0.50010645,1.1808923,0.3019415,0.013842344,anger
0.5896871,0.0024913312,0.0072282143,0.088695586,0.09088959,0.089792594,0.50801784,0.25856718,0.26595843,0.48223785,0.48975325,1.1823801,0.27550048,0.002794172,anger
0.51943815,0.0011929976,0.0042805057,0.028143024,0.055768672,0.041955847,0.26100314,0.32678786,0.29349697,0.5373877,0.49190384,1.1990694,0.30354255,0.02582208,anger
0.48127228,0.001532052,0.005542509,0.06645181,0.08165745,0.07405463,0.44508472,0.23794341,0.26016864,0.46853787,0.51429355,1.1482227,0.2929518,0.010207088,anger
0.48371437,0.0018608049,0.0073351837,0.08646089,0.094074905,0.0902679,0.55616426,0.2671396,0.27791777,0.48116776,0.52147746,1.2216691,0.2646815,0.005889272,anger
0.58281595,0.002064576,0.007020497,0.08817376,0.10214255,0.09515815,0.6184087,0.30203122,0.2862272,0.5244518,0.49231797,1.3100047,0.3273569,0.045623686,anger
0.57217467,0.004036486,0.01383521,0.086522624,0.10023075,0.09337669,0.60159564,0.30154684,0.2858625,0.5259027,0.4899668,1.2968875,0.31773406,0.045035783,anger
0.5354138,0.0006675288,0.0023257108,0.1114766,0.11214741,0.11181201,0.6809939,0.2729457,0.2641112,0.52120996,0.5171429,1.326295,0.3078447,0.0073201563,anger
0.5373679,0.04623307,0.17210865,0.06797842,0.0825866,0.075282514,0.4884549,0.28704572,0.27178156,0.53882074,0.4879037,1.2700543,0.31513438,0.012414619,anger
0.5005624,0.0001851955,0.00070584,0.043752827,0.056952313,0.05035257,0.32403612,0.29155216,0.2921891,0.52421826,0.5272718,1.2397921,0.30787313,0.0062787463,anger
0.5446002,0.011392172,0.035714693,0.10679767,0.11638123,0.11158946,0.66079056,0.28805146,0.27796733,0.5062134,0.49404743,1.1925263,0.28141436,0.0059437035,anger
0.5102169,0.010502448,0.041114468,0.036839765,0.031262554,0.034051158,0.22838026,0.29013604,0.31022143,0.47362515,0.55011886,1.2855079,0.31760123,0.002135813,anger
0.5023121,0.040628333,0.14384578,0.06740663,0.06841943,0.06791303,0.41846535,0.26571754,0.2627855,0.48442733,0.49686286,1.1442142,0.29376984,0.024375264,anger
0.50254774,0.035403267,0.12682651,0.06992068,0.069062255,0.06949147,0.43126598,0.26731348,0.2615653,0.4877565,0.49362668,1.1615051,0.29581204,0.026075779,anger
0.55702156,0.0023322147,0.008294441,0.09038561,0.08464875,0.08751718,0.5738604,0.27769822,0.26479474,0.53487813,0.48429468,1.2436415,0.2720797,0.026683465,anger
0.43929416,0.07020442,0.30425066,0.06377112,0.07729328,0.0705322,0.44042718,0.28211004,0.2685554,0.5157368,0.51061976,1.2227854,0.32942018,0.016624479,anger
0.50465643,0.0010774321,0.0041165124,0.07011691,0.08707977,0.078598335,0.49108997,0.2975054,0.28507704,0.5272881,0.5318551,1.2216665,0.2543957,0.004464173,anger
0.5787277,0.0005944456,0.001970268,0.07101613,0.066252016,0.06863408,0.43354705,0.28562585,0.27970427,0.5369163,0.5027022,1.2225416,0.237119,0.011438263,anger
0.453845,0.0006503245,0.0024533083,0.093787044,0.096740805,0.09526393,0.5436545,0.27134675,0.24497995,0.51161635,0.4642847,1.1029413,0.2601132,0.027400626,anger
0.5012579,0.0021514865,0.008390063,0.059414584,0.06570576,0.06256017,0.40863425,0.30077136,0.30615523,0.50615644,0.5131139,1.2379683,0.30848697,0.0026694003,anger
0.5308102,0.005043578,0.018753493,0.07404444,0.080744416,0.077394426,0.4885139,0.28475872,0.2698389,0.5302139,0.49211124,1.2907587,0.29880637,0.007238428,anger
0.4674458,0.0013177095,0.0054448084,0.033480395,0.016267857,0.024874125,0.15357172,0.30626222,0.32038364,0.4820761,0.5107521,1.2228674,0.27290893,0.0059456034,anger
0.4332949,0.023130385,0.09994506,0.038747523,0.015422245,0.027084883,0.17880766,0.2799071,0.27464047,0.49937418,0.48960432,1.2060227,0.3161186,0.00015746028,anger
0.48387304,0.001870846,0.0066093644,0.07238125,0.07290149,0.07264137,0.40502453,0.26832646,0.27030364,0.49630392,0.4910039,1.1995568,0.27750397,0.007289671,anger
0.46700564,0.00077652425,0.0027644038,0.08996299,0.085918665,0.08794083,0.49186498,0.27090958,0.24792293,0.5069386,0.4635901,1.0796266,0.25413302,0.025018228,anger
0.544326,0.0012282438,0.004234261,0.0649118,0.08858916,0.07675048,0.4864492,0.2675527,0.280144,0.51473534,0.4972649,1.179049,0.23969366,0.0096764285,anger
0.6648027,0.0024966819,0.007095282,0.05189563,0.05247229,0.05218396,0.32543862,0.2899984,0.28749287,0.5263475,0.50993544,1.1758482,0.2529479,0.031607185,anger
0.48605794,0.0015723109,0.0056330715,0.07038463,0.07426982,0.07232722,0.4117452,0.26290056,0.26916137,0.4945166,0.48696464,1.2018589,0.2760275,0.012910441,anger
0.52613896,0.00044376234,0.0016035743,0.044813517,0.03771325,0.041263383,0.26668394,0.27767316,0.29857045,0.48110583,0.5412048,1.1859844,0.29442126,0.008227754,anger
0.52281016,0.0060999505,0.020904398,0.0732475,0.08569997,0.079473734,0.48085746,0.29281625,0.27896395,0.49607605,0.5298508,1.2036637,0.27823502,0.018767122,anger
0.5421918,0.029096065,0.09767335,0.11072456,0.115551084,0.11313783,0.6657018,0.276599,0.2776289,0.49049369,0.5162885,1.2656175,0.3440388,0.00021209143,anger
0.51600915,0.006184886,0.021571664,0.08144393,0.076933704,0.079188816,0.4834337,0.29137185,0.28547576,0.4994674,0.52806824,1.2026305,0.28709066,0.015487452,anger
0.603784,0.0010537923,0.0030813315,0.046695575,0.043516766,0.04510617,0.26200864,0.27729422,0.25830954,0.49851355,0.48094875,1.2021006,0.31020653,0.009685417,anger
0.54527843,0.00066434673,0.002089332,0.11276203,0.121646635,0.11720433,0.69620085,0.2842099,0.2775464,0.50743407,0.49071038,1.1985657,0.28301454,0.018620312,anger
0.51295996,0.00033942898,0.0013042721,0.070317335,0.08722934,0.078773335,0.5062231,0.29739374,0.28754753,0.52824694,0.53565717,1.2432151,0.26868898,0.0046946057,anger
0.5046699,0.0053177006,0.02087015,0.024423314,0.039950117,0.032186713,0.21659407,0.28597257,0.30814713,0.4691502,0.54709405,1.2877485,0.31465304,0.018486274,anger
0.5469493,0.0008949913,0.0031131876,0.09860244,0.09253088,0.09556666,0.5788274,0.29695323,0.27254868,0.54225636,0.485064,1.2411183,0.2866755,0.015972808,anger
0.5117755,0.001027777,0.0042311526,0.11106025,0.10004111,0.10555068,0.72380024,0.29092544,0.2891523,0.5168248,0.53719175,1.3385519,0.25963235,0.025247272,anger
0.6413168,0.031660885,0.09766243,0.097777724,0.08703204,0.09240489,0.60946983,0.28735876,0.2669848,0.54252416,0.498487,1.2717475,0.2594715,0.03610788,anger
0.50539744,0.0024291596,0.009551447,0.057503305,0.07031251,0.06390791,0.42105815,0.3075184,0.29973885,0.50394785,0.51004595,1.2544863,0.31857288,0.002690548,anger
0.5966275,0.0014740898,0.00425187,0.089053005,0.087211676,0.088132344,0.5055332,0.25463697,0.27240252,0.47965726,0.49816078,1.179782,0.25989708,0.004711362,anger
0.56039834,0.030320738,0.10318829,0.11064968,0.11551322,0.11308145,0.6941486,0.27450052,0.27599162,0.48663557,0.51765496,1.243504,0.336214,0.0057266597,anger
0.5476478,0.00020386389,0.0006345093,0.10804714,0.11900449,0.11352581,0.67243356,0.28678277,0.27580172,0.5081944,0.49150518,1.2025146,0.28034118,0.01475878,anger
0.556097,0.0028487656,0.0084708035,0.102568984,0.104615025,0.103592,0.5572652,0.26406652,0.28039706,0.4886987,0.5137144,1.1005708,0.25021708,0.010176793,anger
0.5596503,0.0037033404,0.013188655,0.08039726,0.07927221,0.07983474,0.52910227,0.28372762,0.2663677,0.5363688,0.4875167,1.2503223,0.26396278,0.027919302,anger
0.504414,0.0018866181,0.007938671,0.09772839,0.09494487,0.096336626,0.66344404,0.29291937,0.2896039,0.51914996,0.53585535,1.3353151,0.25402927,0.008937592,anger
0.55255383,0.0013524407,0.0046692286,0.077495515,0.07544557,0.07647055,0.47189224,0.27293754,0.27484402,0.5046567,0.51456624,1.2181374,0.28961486,0.02435797,anger
0.5156355,0.0024926143,0.009018292,0.048947748,0.05185958,0.050403662,0.3171444,0.27702865,0.2776119,0.48146427,0.49492985,1.1922605,0.29524887,0.026753364,anger
0.5622314,0.0034480083,0.012209722,0.09439814,0.0820359,0.08821702,0.57863355,0.28013733,0.2687669,0.5367144,0.48723575,1.2451468,0.2714736,0.028997041,anger
0.4850281,0.0010538336,0.004209003,0.04591531,0.05416018,0.050037745,0.32752886,0.28683692,0.2891326,0.5161044,0.5228325,1.2297269,0.28652677,0.009226811,anger
0.5634111,0.0014136152,0.0048529534,0.08030485,0.072961405,0.07663313,0.4791249,0.2715353,0.28037867,0.49812663,0.5201772,1.2190074,0.28567433,0.019507673,anger
0.49645987,0.0071223485,0.02745177,0.12198907,0.117899865,0.11994447,0.7300772,0.3027054,0.27808118,0.527516,0.47571006,1.1941173,0.3062947,0.007897144,anger
0.6038295,0.0046023373,0.014805887,0.08185744,0.072496474,0.07717696,0.48988056,0.2950013,0.28494474,0.5198746,0.52252877,1.2643939,0.32111132,0.048860405,anger
0.5997015,0.0021741167,0.0068834736,0.071395956,0.07513222,0.07326409,0.46121192,0.30409884,0.27915537,0.5495329,0.5025456,1.1730609,0.24959773,0.024293525,anger
0.6206555,0.0018603018,0.005236472,0.053323127,0.05254126,0.05293219,0.30853334,0.28465807,0.25716105,0.51045936,0.4755907,1.2380844,0.31686488,0.0056144213,anger
0.49810472,0.0015069988,0.005304494,0.06920095,0.085510686,0.07735582,0.45893365,0.268071,0.27034906,0.50014,0.4955136,1.2344472,0.3084553,0.011585535,anger
0.5458088,0.0060693235,0.021497969,0.052647207,0.046210103,0.049428657,0.32064176,0.27548215,0.2969172,0.48002854,0.54163665,1.2067646,0.29169393,0.0026003625,anger
0.4847178,0.0017106802,0.006162049,0.06696691,0.081573054,0.07426999,0.44752008,0.23851657,0.25953296,0.46715868,0.5165305,1.1461809,0.29376385,0.010388926,anger
0.643569,0.016503833,0.05062302,0.09855799,0.08825505,0.09340651,0.6195424,0.28429604,0.26284704,0.5407065,0.49620715,1.2671814,0.25942308,0.034075778,anger
0.45199612,0.0008474536,0.0038129003,0.06674472,0.07441731,0.07058101,0.48116145,0.28500468,0.26735058,0.5318722,0.4922648,1.3085048,0.28708842,0.02665578,anger
0.4852318,0.0011101796,0.0039576967,0.07361551,0.07446923,0.07404237,0.41749883,0.26373884,0.2701304,0.49365172,0.48755193,1.2026858,0.26958928,0.011517149,anger
0.48438606,0.0007174425,0.0026550742,0.08350202,0.067966044,0.075734034,0.45442045,0.27336454,0.27607927,0.525865,0.5004585,1.161047,0.29035506,0.0062131616,anger
0.619596,0.000812603,0.0025648049,0.07885557,0.07445642,0.076656,0.49187714,0.2964451,0.3026504,0.52679586,0.5319148,1.2765769,0.27730486,0.016966885,anger
0.60776496,0.003221766,0.010339191,0.038382888,0.061611183,0.049997035,0.32455656,0.29208136,0.27104786,0.5266115,0.48860148,1.3052617,0.278333,0.014874645,anger
0.4913211,0.023081275,0.0916438,0.08886794,0.09229829,0.090583116,0.5797951,0.2716819,0.2798726,0.48655072,0.5234028,1.2487311,0.27146992,0.0119903935,anger
0.5020435,0.030375449,0.10858683,0.06861486,0.06896656,0.06879071,0.42477062,0.26499104,0.26103204,0.4811643,0.49311277,1.1615068,0.30034894,0.022877418,anger
0.4760367,0.004351486,0.01757178,0.028414072,0.05621873,0.0423164,0.27276325,0.26209682,0.2761238,0.4850511,0.5144309,1.2585951,0.3038399,0.021838186,anger
0.5356355,0.0019467204,0.0067513403,0.09023721,0.061462022,0.075849615,0.47773495,0.25617045,0.275812,0.49770272,0.4958454,1.2141951,0.28290027,0.018675849,anger
0.4682488,0.0013640901,0.0049102516,0.098653056,0.09005053,0.09435179,0.53162473,0.2693643,0.25293192,0.50793725,0.4682938,1.0815821,0.25728628,0.012143525,anger
0.5384673,0.033391766,0.11507296,0.1122423,0.110707924,0.11147511,0.6623286,0.27602157,0.28177258,0.49031112,0.52003336,1.2708272,0.34786355,0.003942958,anger
0.55061907,0.0013166576,0.004535597,0.09899615,0.097510636,0.09825339,0.59765035,0.29629678,0.26958117,0.5446131,0.48273095,1.2398928,0.2885373,0.015436581,anger
0.5203839,0.0013379195,0.0049464228,0.08548894,0.08478797,0.085138455,0.55431986,0.28119943,0.2666427,0.51706344,0.52133656,1.2255394,0.30816764,0.018893426,anger
0.52889186,0.044625197,0.16823632,0.07124347,0.08278027,0.07701187,0.49652845,0.28716466,0.27205598,0.53590536,0.49021384,1.2708852,0.30744484,0.012356998,anger
0.6575497,0.021945395,0.06657346,0.0951026,0.08564457,0.09037359,0.60698754,0.29023418,0.26642796,0.54752237,0.49714395,1.2814106,0.2613074,0.038710088,anger
0.53591037,0.00251479,0.008996186,0.03664927,0.06192437,0.04928682,0.31227466,0.33140296,0.29266432,0.5444925,0.49734268,1.2345748,0.3082664,0.03123638,anger
0.44174987,0.000531554,0.0022770404,0.035212047,0.015456896,0.025334472,0.15287735,0.30786005,0.32007086,0.48330456,0.512413,1.2222228,0.25698322,0.007877569,anger
0.6011201,0.0042426814,0.013544887,0.07815511,0.07592334,0.07703923,0.48036566,0.3019847,0.27943504,0.5284061,0.514697,1.2567899,0.2966594,0.046125073,anger
0.6083728,0.011301423,0.036943045,0.038158443,0.05924045,0.048699446,0.32093197,0.29060164,0.27183166,0.5281895,0.48952928,1.3040524,0.27850607,0.017060317,anger
0.50854105,0.0010876121,0.004534192,0.11397486,0.10441588,0.10919537,0.7426483,0.30983055,0.2938909,0.52998006,0.53262997,1.3290247,0.2776313,0.003811988,anger
0.48767275,0.0014280116,0.0052589765,0.083487175,0.06536181,0.0744245,0.44841012,0.27360576,0.28226525,0.5257968,0.50813234,1.1689814,0.29227853,0.009067097,anger
0.5444765,0.0004558449,0.0015294693,0.074664384,0.066999875,0.070832126,0.42961296,0.2921659,0.2866959,0.5193053,0.5011729,1.1666057,0.2935428,0.010608847,anger
0.49935064,0.01128228,0.044955377,0.044470623,0.036358893,0.040414758,0.2732603,0.289513,0.31208122,0.47563273,0.55100244,1.3010505,0.31751713,0.0010537306,anger
0.5532785,0.00073067396,0.0021459775,0.11443126,0.109463274,0.11194727,0.5835812,0.26078793,0.27466995,0.48828265,0.51065314,1.1007935,0.25472,0.012434089,anger
0.49697194,0.0020036246,0.007104077,0.06782907,0.076000705,0.07191489,0.4288045,0.2685546,0.2660145,0.5037873,0.49305812,1.231183,0.30158997,0.012498533,anger
0.42205638,0.0019397152,0.009316595,0.07094402,0.074980326,0.07296217,0.50078124,0.28067052,0.27021217,0.5281696,0.49572986,1.291633,0.28062055,0.033022862,anger
0.52620304,0.00055724295,0.0020579423,0.082331285,0.0835405,0.08293589,0.54950035,0.2833963,0.26751968,0.51723063,0.52102095,1.224725,0.31084916,0.019153995,anger
0.59059525,0.000964782,0.0032163062,0.08421922,0.07380712,0.07901317,0.51407576,0.29697722,0.302361,0.52782524,0.52776927,1.2732964,0.28168437,0.0112097,anger
0.5171788,0.0025027785,0.008787531,0.09352975,0.07788083,0.08570529,0.51796955,0.29196092,0.2831885,0.50081086,0.52782404,1.1999651,0.27940163,0.012528715,anger
0.58379793,0.0012783606,0.004241462,0.0741194,0.066709116,0.07041426,0.4504582,0.28587225,0.28235802,0.5391557,0.5038578,1.2339741,0.23918806,0.009972739,anger
0.44265404,0.004467132,0.019089105,0.033186916,0.054008294,0.043597605,0.2794809,0.26659623,0.27290618,0.49092543,0.5075935,1.2554305,0.31288195,0.01278072,anger
0.6231938,0.00073415774,0.0021038908,0.04879397,0.06117754,0.054985754,0.32700163,0.27825588,0.25048256,0.5078597,0.47016364,1.220625,0.3248418,0.016333304,anger
0.5345551,0.0037370974,0.013129553,0.046519317,0.061731692,0.054125503,0.34476814,0.2783217,0.26847658,0.48508194,0.4875847,1.2271501,0.29751623,0.022970652,anger
0.42617315,0.022541543,0.09814458,0.047582034,0.01588019,0.031731114,0.20737915,0.27653834,0.2801113,0.49679032,0.49611378,1.2020985,0.3135818,0.00373592,anger
0.52075547,0.004119663,0.014870442,0.050756693,0.054859456,0.052808072,0.33191854,0.28531513,0.27324215,0.4872416,0.48974016,1.2008076,0.28705025,0.03666436,anger
0.5046814,0.0011656357,0.0040788143,0.06595443,0.08757409,0.076764256,0.46149305,0.26785004,0.26728415,0.5042102,0.4929839,1.2337364,0.31888208,0.0074197855,anger
0.5770128,0.0007217727,0.0023559993,0.06981961,0.07710046,0.073460035,0.45796514,0.30310288,0.27342087,0.54447746,0.49829775,1.1794796,0.25381482,0.016404059,anger
0.58285767,0.0010233184,0.0033809224,0.09893376,0.09633837,0.09763606,0.6067301,0.29385114,0.26324278,0.53943765,0.47613382,1.2317047,0.29105586,0.00070773717,anger
0.628289,0.0009785705,0.0029333148,0.046719637,0.054159075,0.050439354,0.3122564,0.29499635,0.28435493,0.52660775,0.50997716,1.1755539,0.2400457,0.023159642,anger
0.47131145,0.002640514,0.011390455,0.07152007,0.07240677,0.07196342,0.48864585,0.28434026,0.27215105,0.53576845,0.49606052,1.3052112,0.284463,0.035844427,anger
0.48887584,0.0004901527,0.0017590196,0.06117939,0.07853822,0.069858804,0.42615178,0.23852403,0.2586107,0.46688393,0.5139174,1.1441221,0.2935144,0.012669958,anger
0.48624146,0.0004446739,0.0018777992,0.06429991,0.074361466,0.06933069,0.4774074,0.28378704,0.28207234,0.5249807,0.5106159,1.2862611,0.27752107,0.043845885,anger
0.5439593,0.008818538,0.03120614,0.08731993,0.07502219,0.08117106,0.52730376,0.27332118,0.2927281,0.50171155,0.5238188,1.1601999,0.24244027,0.025798704,anger
0.45764875,0.0015684296,0.005890596,0.102944255,0.097814016,0.10037913,0.5791977,0.2709004,0.2403261,0.51150286,0.4596124,1.110787,0.27501515,0.003998692,anger
0.49269596,0.0020083422,0.007906515,0.06760147,0.07684852,0.072225,0.46589422,0.29959017,0.29804987,0.50641924,0.5039657,1.2258364,0.30326974,0.001357764,anger
0.5086486,0.0016599398,0.006125342,0.09979475,0.11022478,0.10500977,0.63483196,0.2598081,0.26555195,0.52344877,0.5041777,1.2130407,0.2869363,0.09762069,anger
0.44973215,0.0030959507,0.011693281,0.062151935,0.06731541,0.06473367,0.3748117,0.2705114,0.26427603,0.5074719,0.48189715,1.1513984,0.2858607,0.09312611,anger
0.5274977,0.12481067,0.42894697,0.06443876,0.07253349,0.06848613,0.44235116,0.26448596,0.26143426,0.47690237,0.49712265,1.1481704,0.35240853,0.15013653,anger
0.48577324,0.0041831895,0.01678711,0.06654156,0.078091815,0.07231669,0.47368637,0.3076431,0.29559848,0.51530313,0.49289438,1.2211616,0.3123365,0.095809996,anger
0.48703215,0.0007403047,0.0026961996,0.07199132,0.0645647,0.06827801,0.42917553,0.23461978,0.26230797,0.46070063,0.5094313,1.1459105,0.30407634,0.033486627,anger
0.463704,0.046324924,0.18446764,0.062271666,0.02323992,0.042755794,0.28383735,0.2667607,0.2590183,0.4910172,0.47289628,1.1680616,0.34047338,0.10581069,anger
0.56940097,0.000532105,0.0018154143,0.089872286,0.09342451,0.0916484,0.5806788,0.26810366,0.28739884,0.48665488,0.5321755,1.2061694,0.30096406,0.04862357,anger
0.55449724,0.0040450855,0.013753722,0.07346806,0.05774837,0.06560821,0.42762214,0.27473962,0.28918678,0.48400936,0.5018524,1.1316777,0.20802903,0.009125266,anger
0.5164975,0.0034165895,0.01303077,0.06507749,0.07952725,0.07230237,0.48659185,0.2768889,0.26782584,0.5220957,0.49035215,1.137971,0.29081348,0.11467009,anger
0.5360064,0.0006718943,0.0024789516,0.09210869,0.10029584,0.09620227,0.6552292,0.27927613,0.2892827,0.5040705,0.50218153,1.2401899,0.32815918,0.062372543,anger
0.56424266,0.0017072466,0.0058935992,0.07266602,0.08550112,0.07908358,0.5101712,0.2977657,0.27378836,0.53578293,0.49540377,1.2092973,0.2747425,0.11748081,anger
0.53432596,0.007722426,0.024599774,0.086579084,0.09333517,0.089957125,0.5102777,0.25463286,0.26852316,0.47145918,0.49906233,1.093315,0.30155674,0.08487278,anger
0.48545003,0.0020441865,0.007868623,0.068733424,0.04497407,0.05685375,0.3612296,0.2593921,0.29233807,0.4807977,0.52789897,1.1047376,0.29668364,0.06028706,anger
0.46840054,0.0034715184,0.014238885,0.09474676,0.062707394,0.07872708,0.52805525,0.28914103,0.27112618,0.46510175,0.4953313,1.1773413,0.3386822,0.069309495,anger
0.50846106,0.010863251,0.04203517,0.077971675,0.07796138,0.077966526,0.5017079,0.28019524,0.2708503,0.52479684,0.50071067,1.2424856,0.31365272,0.068917185,anger
0.45509285,0.0035498638,0.014541423,0.054527,0.06802675,0.061276875,0.3881489,0.2771332,0.2590053,0.48682758,0.45519802,1.1739541,0.27811477,0.019171868,anger
0.5263808,0.0008047615,0.0029168527,0.09494007,0.09129875,0.09311941,0.57315516,0.29541418,0.27285385,0.5455516,0.4882907,1.1986357,0.28381994,0.01698969,anger
0.49490336,0.0009479358,0.0036945553,0.07187611,0.070898704,0.07138741,0.46185312,0.30129585,0.30347788,0.49984783,0.50494516,1.2323631,0.30130062,0.00042975877,anger
0.5610463,0.0075172763,0.023578726,0.0975739,0.10692385,0.10224887,0.6135275,0.261881,0.28202966,0.46203035,0.5264803,1.0661528,0.33435744,0.11480073,anger
0.49782088,0.0012019036,0.0041902885,0.11723555,0.11122408,0.114229806,0.6977393,0.26969805,0.2836633,0.49469328,0.49875942,1.1303636,0.30371752,0.022645853,anger
0.5429664,0.0038974846,0.013698182,0.04917629,0.078764156,0.06397022,0.40601224,0.29917067,0.26941648,0.49874544,0.4406779,1.2031507,0.27888903,0.06289746,anger
0.47126928,0.0031948108,0.013859899,0.07461457,0.07805882,0.07633669,0.52183825,0.28638792,0.2723523,0.52630246,0.5017019,1.2727461,0.28377813,0.038174536,anger
0.517446,0.0034210663,0.012643519,0.04586732,0.07268882,0.05927807,0.37779662,0.2971523,0.2703033,0.53399426,0.4833815,1.2012826,0.2593687,0.018017951,anger
0.5159839,0.030372677,0.101547025,0.100255,0.076770574,0.08851279,0.51271105,0.27114317,0.25510135,0.48732468,0.47289488,1.0688869,0.2845107,0.052602768,anger
0.42316082,0.005425376,0.024256146,0.039252114,0.029426008,0.034339063,0.22073731,0.27652246,0.26409987,0.51705563,0.47665185,1.2108955,0.30008948,0.082132004,anger
0.47533432,0.00256417,0.009157902,0.07192737,0.07831114,0.07511925,0.41550574,0.26385817,0.26049924,0.49282217,0.49078053,1.149524,0.26495856,0.016057558,anger
0.4797316,0.013945028,0.05281769,0.080790095,0.088695124,0.084742606,0.5162725,0.28640005,0.29045394,0.520523,0.495113,1.1161464,0.29207227,0.07409034,anger
0.5234204,0.0005267864,0.0019374477,0.08156658,0.074830644,0.078198604,0.4943709,0.29643586,0.29273382,0.51493335,0.5253093,1.208941,0.26381606,0.01808976,anger
0.55595887,0.07492035,0.25840092,0.11355678,0.11305082,0.113303795,0.70930225,0.2655924,0.28068405,0.47666633,0.52215445,1.26743,0.35618696,0.0023626587,anger
0.56470805,0.003919956,0.0131725,0.057259914,0.075514175,0.06638704,0.41909197,0.2809375,0.27736393,0.50259906,0.5251279,1.1743498,0.23962705,0.09283979,anger
0.49256557,0.0010531913,0.0038658436,0.03109511,0.034759637,0.03292737,0.202348,0.30686086,0.31182352,0.4909687,0.517703,1.1855417,0.2879391,0.030635143,anger
0.48275974,0.0015620093,0.006376211,0.07419167,0.097047135,0.0856194,0.57204515,0.28574875,0.26427013,0.5414993,0.48803014,1.2691654,0.30808392,0.057339776,anger
0.56146526,0.026624348,0.09189816,0.054035522,0.07319567,0.0636156,0.41724494,0.28620365,0.30682614,0.495347,0.5158475,1.1626716,0.24635373,0.07737722,anger
0.45789322,0.0038328466,0.016094197,0.104288295,0.11983016,0.11205923,0.70378804,0.26409426,0.31163302,0.47454998,0.5208595,1.2085685,0.33119452,0.08748867,anger
0.501858,0.002811157,0.011122533,0.022356045,0.060658764,0.0415074,0.2764312,0.28652233,0.27924275,0.5119523,0.4980922,1.2874434,0.31166375,0.015788956,anger
0.54442817,0.00048007525,0.0016956328,0.07456354,0.07440054,0.07448204,0.46552208,0.2668062,0.2814265,0.50035465,0.52540314,1.2121704,0.288599,0.1485111,anger
0.63573086,0.00054828177,0.0016938408,0.08398337,0.08803801,0.086010695,0.5728717,0.2773105,0.26815227,0.52149224,0.50187016,1.2429589,0.27740908,0.12400453,anger
0.4904162,0.0025173053,0.009059255,0.074193925,0.06895406,0.07157399,0.4302076,0.26862782,0.28122747,0.49417162,0.5153736,1.1410543,0.30623728,0.089907184,anger
0.51274127,0.0082899425,0.032086927,0.06599275,0.07750317,0.071747966,0.45733213,0.2923368,0.26196203,0.5441624,0.4780995,1.265422,0.29048795,0.0054513845,anger
0.43205842,0.003391173,0.015716946,0.05719751,0.061039478,0.059118494,0.40078992,0.28377044,0.27535364,0.51360667,0.4966521,1.2327914,0.2682233,0.061996393,anger
0.39851356,0.052411526,0.24414884,0.07241635,0.082285106,0.07735073,0.47982833,0.25284487,0.26063845,0.4799085,0.50733256,1.1723015,0.30706644,0.015255594,anger
0.4925369,0.0013509785,0.005117641,0.073581144,0.04870796,0.06114455,0.38890666,0.27288496,0.28642404,0.52699363,0.49417296,1.1805449,0.29477337,0.065595806,anger
0.48532447,0.0031158377,0.011880591,0.09085062,0.07859174,0.084721185,0.53854495,0.27370873,0.26897022,0.51248574,0.4876243,1.2049917,0.2602861,0.055994004,anger
0.5436898,0.007928066,0.027197536,0.0645671,0.086627014,0.07559705,0.46779993,0.27949455,0.27564502,0.51237416,0.50167227,1.143606,0.21215308,0.11407505,anger
0.5151306,0.0022590372,0.008439618,0.06949428,0.06503161,0.06726294,0.4383935,0.28441432,0.26641098,0.5312627,0.486334,1.188168,0.24007078,0.08408222,anger
0.43880263,0.008867145,0.038116585,0.05395667,0.026714912,0.040335793,0.2692945,0.28302377,0.28235167,0.50579274,0.49240115,1.2117333,0.31596726,0.00817151,anger
0.4210436,0.0008381336,0.0039040092,0.025262205,0.034079794,0.029671002,0.188481,0.3413544,0.30707866,0.52389705,0.48140553,1.2125762,0.25588524,0.08796767,anger
0.44204795,0.00085022027,0.003417931,0.07580684,0.064745314,0.070276074,0.4235973,0.26957694,0.27569526,0.48856002,0.50619423,1.1512631,0.2886192,0.029868733,anger
0.5774654,0.012706933,0.042058945,0.0616903,0.09094632,0.07631831,0.5014757,0.280968,0.28227335,0.5189591,0.5040848,1.1378679,0.21698177,0.06452416,anger
0.5564435,0.0008816562,0.0030181522,0.06960629,0.062024157,0.065815225,0.42252034,0.28068334,0.2637311,0.5269011,0.48529962,1.1967411,0.23546197,0.00037286163,anger
0.4794708,0.0010610421,0.0043035015,0.07863642,0.07279972,0.075718075,0.49135345,0.27861065,0.27366072,0.5378834,0.4964261,1.2240548,0.26518902,0.057782095,anger
0.58128303,0.0011982976,0.0041061835,0.09196125,0.095153995,0.09355762,0.6240507,0.2820561,0.28755835,0.5038301,0.49795705,1.29414,0.35779455,0.07930487,anger
0.47053963,0.0065349536,0.025488751,0.10976791,0.13167079,0.12071934,0.7195334,0.2709819,0.29817528,0.47840494,0.5165363,1.1826655,0.33153605,0.074347466,anger
0.48868465,0.00536097,0.022061916,0.07379159,0.056325845,0.065058716,0.4489341,0.25943127,0.28542447,0.48785698,0.52852535,1.2770249,0.29187828,0.039202522,anger
0.48959944,0.0020317791,0.008682534,0.07837277,0.086107105,0.08223993,0.56054544,0.29983833,0.28700653,0.5215658,0.538835,1.2947218,0.26046997,0.0624785,anger
0.38744354,0.0025518725,0.012819187,0.03624155,0.025586715,0.030914132,0.1874164,0.30975175,0.32729447,0.48298907,0.5177511,1.2315953,0.25182295,0.004625052,anger
0.55307615,0.024877029,0.07747155,0.09734109,0.09073216,0.094036624,0.5603065,0.25017533,0.27343425,0.46909708,0.49003756,1.0694603,0.29308146,0.08645955,anger
0.52011067,0.0033830437,0.010828725,0.098626085,0.10081982,0.09972295,0.57177746,0.25581998,0.25952962,0.48824802,0.48592424,1.0632641,0.29275486,0.05009772,anger
0.46408507,0.001296095,0.004919058,0.056421302,0.09302231,0.07472181,0.4578227,0.26873025,0.25798863,0.49557802,0.48580018,1.110746,0.30731854,0.0056981295,anger
0.6189852,0.0031129727,0.009823519,0.07232134,0.07701122,0.074666284,0.4780177,0.29258594,0.28750682,0.52851516,0.51084733,1.2437539,0.30904967,0.13779432,anger
0.52973264,0.001912038,0.005984657,0.10874113,0.10415903,0.10645008,0.5854293,0.26814097,0.26860783,0.49384642,0.5119059,1.0737199,0.26354605,0.0865417,anger
0.61288303,0.06413031,0.20841701,0.054309342,0.055979118,0.05514423,0.35934162,0.28966498,0.2759742,0.51390994,0.5097779,1.2915677,0.27793178,0.12764104,anger
0.48301455,0.0018594393,0.006868221,0.07776872,0.06375857,0.07076365,0.45135674,0.25896204,0.26814,0.4788139,0.49352145,1.1071568,0.2999863,0.009215371,anger
0.4479143,0.01290704,0.059163436,0.054100633,0.050018564,0.0520596,0.3675583,0.30500177,0.30938724,0.5365498,0.5097265,1.2954987,0.34670427,0.08181515,anger
0.53420264,0.0040685185,0.013999846,0.09201422,0.03993432,0.06597427,0.40688768,0.27051586,0.3013166,0.494287,0.5284998,1.1250567,0.24124783,0.044137113,anger
0.5002559,0.0036791195,0.013551958,0.11795053,0.10597714,0.11196384,0.6657349,0.2711274,0.26281542,0.51721764,0.5123264,1.2152565,0.31664553,0.011122658,anger
0.4086434,0.006912273,0.030934494,0.0518711,0.015156028,0.03351356,0.21922429,0.2758511,0.26975456,0.49751937,0.4794223,1.1652311,0.3244464,0.09763813,anger
0.52502775,0.0010924947,0.003954502,0.110974394,0.11073383,0.11085411,0.6990648,0.2761719,0.26883662,0.522416,0.48044127,1.2220823,0.3501528,0.010383295,anger
0.47658283,0.014123562,0.057910316,0.08595324,0.0938956,0.089924425,0.5723472,0.29454,0.2709711,0.53457785,0.4883581,1.2166739,0.28062195,0.099237576,anger
0.47025484,0.00052370864,0.0020739036,0.041733045,0.07834077,0.060036905,0.38410252,0.28903973,0.2873036,0.5142852,0.51860344,1.179394,0.31883976,0.10778586,anger
0.42477039,0.04364814,0.18756282,0.06124518,0.028614951,0.04493007,0.2938883,0.26637605,0.2753305,0.49408263,0.4791325,1.1268046,0.32847732,0.09480686,anger
0.48522964,0.0016622945,0.00657183,0.06693072,0.0632409,0.06508581,0.43103397,0.2679323,0.28506625,0.48556986,0.5347501,1.1568389,0.2944937,0.086654305,anger
0.4630551,0.0008582203,0.0035084337,0.071865074,0.060225323,0.066045195,0.41692019,0.2793876,0.26243457,0.48124954,0.49273428,1.1912149,0.30482352,0.0848892,anger
0.5249364,0.0013766845,0.0048628775,0.046970997,0.074388914,0.060679957,0.3825384,0.281255,0.2700113,0.52068233,0.49091473,1.1559707,0.23155668,0.13385935,anger
0.6461063,0.0055584786,0.014962753,0.08879579,0.08469055,0.08674317,0.52134055,0.25091758,0.27154815,0.48258352,0.49125522,1.1068397,0.25595957,0.09478924,anger
0.55167365,0.00082597777,0.002764493,0.08026478,0.07722779,0.07874629,0.5042418,0.26755345,0.26573735,0.5064036,0.48903617,1.1935508,0.28256983,0.10203612,anger
0.47126654,0.001845123,0.007362544,0.069185145,0.0798287,0.07450692,0.4748774,0.2777975,0.28150466,0.5199281,0.50379384,1.1771216,0.3141735,0.09245934,anger
0.55133176,0.012826822,0.042868417,0.072091535,0.08986897,0.08098025,0.5058509,0.2707998,0.26849163,0.5086984,0.4936034,1.125558,0.22522937,0.1010056,anger
0.51578486,0.0031397948,0.011124429,0.07075808,0.07207807,0.07141808,0.4429712,0.27837092,0.27448663,0.48949203,0.48461542,1.049022,0.28947896,0.082994916,anger
0.48036093,0.0054807323,0.021959068,0.085888244,0.12680094,0.10634459,0.67325646,0.27376613,0.29052863,0.47250974,0.5109717,1.2112583,0.3217122,0.042585414,anger
0.4462546,0.00148846,0.005627535,0.09695377,0.09329011,0.09512194,0.5633524,0.25725648,0.23676385,0.50320953,0.4534359,1.0789437,0.27009,0.12628269,anger
0.47009256,0.0055487603,0.021302091,0.07329454,0.079571016,0.07643278,0.47437885,0.27324086,0.27908188,0.52343595,0.50031775,1.1513785,0.33100754,0.015167701,anger
0.48858306,0.004646872,0.02040803,0.107789226,0.097835094,0.102812156,0.7051789,0.30917847,0.29955962,0.5615304,0.5176302,1.3412426,0.2504692,0.010776229,anger
0.49509197,0.0009272795,0.0035726784,0.07625147,0.07477418,0.07551283,0.4753811,0.2900185,0.2815389,0.54803544,0.49947187,1.1900892,0.2619018,0.055636965,anger
0.54409194,0.011630549,0.042855248,0.103240535,0.09155448,0.097397506,0.6459522,0.28688157,0.26993626,0.54288125,0.4912674,1.2580842,0.27131277,0.035564523,anger
0.5121899,0.0011991211,0.004678786,0.06078702,0.0578258,0.059306405,0.39535016,0.2785766,0.28501585,0.50932825,0.5132433,1.2728413,0.31186053,0.08518832,anger
0.46268937,0.00033539065,0.0013600311,0.04486519,0.06976354,0.05731437,0.35796973,0.2916946,0.2892389,0.51749736,0.52859557,1.2093958,0.32196382,0.100763716,anger
0.50687635,0.0019262097,0.00687145,0.10728202,0.11001084,0.10864643,0.64749557,0.2712961,0.27282,0.5143579,0.4894282,1.1999412,0.33433697,0.091358125,anger
0.4442634,0.010274324,0.041927975,0.06800777,0.070710756,0.069359265,0.43381476,0.2743359,0.26834053,0.5143237,0.4749914,1.08139,0.30689442,0.07459921,anger
0.51820195,0.009706861,0.037282348,0.06675564,0.08199321,0.07437442,0.4944906,0.27928212,0.2583331,0.5238759,0.48543188,1.2482815,0.31321484,0.10853418,anger
0.4599014,0.025531972,0.100675635,0.08950123,0.07524755,0.082374394,0.5015534,0.28164014,0.3039702,0.49772817,0.5392654,1.1082011,0.2700918,0.040281996,anger
0.4151279,0.0010093525,0.004733972,0.04915223,0.042158216,0.045655224,0.30619195,0.27252108,0.2528678,0.5308172,0.46623242,1.2314107,0.29366326,0.031945672,anger
0.55120367,0.0020111692,0.0064450735,0.05362406,0.045880806,0.049752433,0.29373923,0.27308586,0.2565078,0.48741546,0.47856683,1.1412104,0.29002145,0.115548834,anger
0.4990765,0.0056082555,0.01999286,0.06974771,0.085853495,0.07780061,0.4709419,0.2614531,0.27986795,0.4893598,0.5166418,1.1140928,0.30108112,0.07938983,anger
0.507881,0.0032884593,0.011717438,0.07185527,0.06948468,0.07066998,0.4193435,0.29311293,0.28101057,0.5058628,0.51009244,1.1441388,0.2962242,0.08221995,anger
0.47538036,0.002378079,0.009667299,0.065244414,0.07747995,0.07136218,0.46663675,0.28570324,0.28068873,0.53233194,0.50115925,1.190722,0.28937742,0.042510647,anger
0.45836362,0.0009530388,0.004112366,0.049397953,0.08503851,0.06721824,0.45204154,0.29946786,0.28168342,0.5245172,0.5220825,1.2038857,0.300848,0.045218445,anger
0.51466995,0.007886451,0.024905887,0.111775436,0.09582191,0.10379867,0.5645711,0.26562446,0.26459768,0.49951947,0.47899595,1.0439581,0.27975178,0.013827477,anger
0.5303755,0.013103689,0.047851093,0.09298543,0.060422663,0.07670405,0.50906277,0.2747447,0.27418682,0.50723654,0.515477,1.1738695,0.24306965,0.0944452,anger
0.50127476,0.0027586543,0.0106725935,0.048906997,0.04805273,0.04847986,0.32124117,0.29427242,0.26400068,0.53671193,0.47895116,1.1488891,0.2920835,0.015596109,anger
0.5085066,0.0032119972,0.010488438,0.10556982,0.11034618,0.107958004,0.60899395,0.2660413,0.25471714,0.5085051,0.4758702,1.0897919,0.29070872,0.09122933,anger
0.4359559,0.009759062,0.04239365,0.064905405,0.06855105,0.06672823,0.43467692,0.27644777,0.27913934,0.5197332,0.5038622,1.167413,0.29136977,0.10587666,anger
0.50786155,0.00012987231,0.00045652429,0.07207879,0.07195072,0.07201475,0.4476503,0.28180164,0.2597281,0.5019355,0.4515381,1.1307038,0.3063275,0.06448325,anger
0.522073,0.0018999999,0.006953607,0.07992115,0.07464731,0.077284224,0.49808046,0.26714396,0.27666664,0.5017944,0.5148076,1.1766301,0.28436366,0.10571197,anger
0.43984243,0.0038988015,0.016346872,0.0728854,0.05084754,0.061866473,0.394732,0.2781177,0.2622888,0.4928549,0.4728268,0.98560184,0.29664665,0.03902883,anger
0.49243313,0.0018899016,0.0069332174,0.06640856,0.076844625,0.071626596,0.45921114,0.2762602,0.25514427,0.48952788,0.48529541,1.1220886,0.31346327,0.0587124,anger
0.5378844,0.00072542916,0.0025775712,0.08593616,0.09600963,0.09097289,0.59567803,0.28852397,0.27213764,0.4899278,0.477476,1.1776559,0.31237313,0.029655743,anger
0.4902146,0.0032348044,0.011753808,0.07522675,0.06179,0.06850837,0.43512765,0.25460792,0.23871817,0.5155446,0.46408725,1.1585174,0.3169283,0.050755456,anger
0.52927166,0.0034762851,0.013770405,0.09200221,0.06013215,0.07606718,0.5336116,0.29917958,0.29192847,0.52065957,0.53632575,1.3027949,0.25329453,0.0066107004,anger
0.45567784,0.0007365094,0.002769988,0.09667654,0.08442375,0.09055015,0.5229641,0.24181966,0.2557585,0.45200258,0.49702018,1.0680535,0.2602021,0.14091448,anger
0.6169583,0.0029623725,0.00860804,0.09014771,0.08584332,0.087995514,0.5401318,0.25487196,0.26518905,0.46672508,0.49814695,1.1319667,0.2571046,0.030442733,contempt
0.5010549,0.00045071563,0.0016522665,0.12944478,0.12187021,0.1256575,0.75841933,0.29200023,0.27965385,0.4824457,0.49018133,1.2978381,0.3456341,0.030983858,contempt
0.57154495,0.0024140072,0.007518543,0.123119555,0.12271944,0.12291949,0.69221634,0.29755515,0.25703767,0.519201,0.4472198,1.2254122,0.28815076,0.0060267462,contempt
0.59338725,0.00071424776,0.0021756273,0.07931632,0.066807106,0.07306171,0.43015522,0.29864982,0.29980347,0.49782693,0.47984636,1.1857783,0.24493903,0.008498969,contempt
0.60407585,0.00085539167,0.0027471436,0.115494765,0.115962565,0.11572867,0.7037098,0.29313052,0.29168418,0.51755136,0.5001407,1.2816035,0.28909323,0.0011712669,contempt
0.59876204,0.0012446032,0.0037024838,0.09275381,0.0878926,0.0903232,0.55329376,0.25310615,0.26266193,0.46832138,0.49574852,1.133749,0.26271966,0.015833309,contempt
0.54590887,0.003712512,0.014137328,0.05316027,0.07168839,0.062424332,0.44130918,0.3131702,0.2887963,0.5141872,0.48087654,1.3257447,0.36583236,0.045825724,contempt
0.5547761,0.0010490429,0.0034893022,0.13430583,0.13616209,0.13523397,0.76250553,0.27480918,0.2690865,0.48245475,0.48698008,1.1697583,0.2747606,0.011832161,contempt
0.62117827,0.0021975525,0.0071800817,0.10529547,0.103939086,0.10461728,0.7042276,0.28525603,0.27320006,0.51113325,0.49571717,1.2418767,0.3199825,0.043653294,contempt
0.5047046,0.0009485177,0.0035487593,0.108625636,0.097675234,0.103150435,0.64317113,0.30206054,0.28431624,0.49114752,0.4854324,1.3116549,0.35357717,0.029930513,contempt
0.6172677,0.00051421736,0.0014223951,0.07776127,0.079200886,0.07848108,0.44063663,0.30294403,0.304428,0.496177,0.49303883,1.2053598,0.300433,0.0021715097,contempt
0.5608894,0.0012364418,0.0039278325,0.12217133,0.12628269,0.12422701,0.70063984,0.29610857,0.257524,0.5187358,0.44485837,1.2243469,0.2845186,0.018710261,contempt
0.6589572,0.0025792157,0.00802968,0.08174751,0.056635745,0.06919163,0.453373,0.32122675,0.30245563,0.52785313,0.51652026,1.2845604,0.31613544,7.59348e-05,contempt
0.67371553,0.001079733,0.0026933285,0.08999315,0.09302493,0.091509044,0.5118838,0.29054993,0.2691138,0.47887143,0.46274197,1.1580894,0.3083977,0.0021255733,contempt
0.51985735,0.0006268545,0.002078322,0.09473796,0.08735863,0.09104829,0.5335156,0.29518113,0.29728186,0.50449806,0.4973721,1.1687967,0.31389982,0.01208587,contempt
0.63639903,0.0013828821,0.0036692773,0.082031205,0.07689559,0.0794634,0.44010594,0.29922172,0.3044724,0.4942785,0.49322996,1.2140337,0.30755603,0.004758648,contempt
0.55379915,0.0017933693,0.005967435,0.13331662,0.1342624,0.13378951,0.7668618,0.2820415,0.26767197,0.48392728,0.48747134,1.17147,0.27604973,0.015252077,contempt
0.59119606,0.0033362405,0.010848528,0.09723491,0.09478775,0.096011326,0.59028983,0.29091674,0.29863647,0.49696207,0.5188293,1.2246158,0.29175416,0.014611378,contempt
0.59780616,0.0032523384,0.010379878,0.08715247,0.09635318,0.09175283,0.5803398,0.2847774,0.26308882,0.5108024,0.4692726,1.1993923,0.28001717,0.0202254,contempt
0.6412803,0.0013048971,0.0034468116,0.08135159,0.078553155,0.079952374,0.44405127,0.3000396,0.3038313,0.49430633,0.49472994,1.225832,0.31025267,0.006714166,contempt
0.6112382,0.0005218747,0.0016765092,0.09966012,0.094591945,0.09712603,0.6122264,0.28955692,0.299745,0.50251216,0.5236675,1.2353076,0.28985247,0.009045381,contempt
0.60597986,0.0010118618,0.0032879475,0.09634341,0.09232956,0.09433649,0.6005189,0.2903651,0.29647383,0.5070067,0.52032787,1.235345,0.29002413,0.0048163603,contempt
0.6002261,0.0007766033,0.0024783476,0.089088246,0.08345015,0.0862692,0.5523178,0.2850384,0.2779122,0.5194365,0.48900792,1.2423908,0.32233894,0.03898173,contempt
0.5620449,0.004006513,0.01478922,0.055617493,0.07224326,0.06393038,0.45235103,0.3130043,0.2892218,0.51446724,0.4793681,1.324409,0.3546767,0.047525007,contempt
0.5594925,0.0016621619,0.005096564,0.06459519,0.06271061,0.0636529,0.37741405,0.30158788,0.3044253,0.50618815,0.51362246,1.1753068,0.26411992,0.04465111,contempt
0.6561916,0.002899976,0.008903721,0.07972103,0.058719713,0.06922037,0.4495633,0.31278002,0.30431485,0.5186684,0.51801044,1.2624238,0.3257646,0.0014907367,contempt
0.555116,0.00385792,0.014225044,0.059238303,0.076798506,0.06801841,0.4764315,0.30150625,0.28794825,0.50537014,0.47868252,1.3128177,0.35272372,0.040921073,contempt
0.6007355,0.0027684404,0.008804953,0.088152006,0.09852784,0.09333992,0.59182453,0.2798609,0.26428673,0.50888455,0.47131333,1.1955545,0.27608365,0.027685268,contempt
0.55769885,0.002779765,0.008449387,0.062772185,0.063568614,0.0631704,0.36982614,0.29999954,0.30191076,0.504207,0.5102758,1.1804512,0.27042356,0.04947419,contempt
0.51242536,0.00066297076,0.002400852,0.12671557,0.12790227,0.1273089,0.77331424,0.2869792,0.2797633,0.48437202,0.49304098,1.2849333,0.34108236,0.032625474,contempt
0.6702434,0.002211377,0.005526218,0.09252598,0.09566741,0.09409669,0.52675253,0.2917759,0.2648598,0.47949746,0.45879862,1.1519426,0.3055744,0.0030096988,contempt
0.5612904,0.0015996738,0.005231335,0.1363255,0.13708979,0.13670765,0.77587605,0.28118742,0.27397066,0.48680258,0.49206534,1.1706854,0.2746691,0.017408935,contempt
0.6119575,0.00091117603,0.00268954,0.10462522,0.09501843,0.09982182,0.58582246,0.28962222,0.2917682,0.49108925,0.48625073,1.1835612,0.25292945,0.016986134,contempt
0.61571777,0.0024648018,0.007962852,0.10435062,0.10101138,0.102680996,0.664893,0.28910324,0.278777,0.50715613,0.49980024,1.2475892,0.32135496,0.034033563,contempt
0.65876704,0.00086675625,0.0025335706,0.104153,0.095308356,0.09973068,0.62149835,0.28176033,0.28728077,0.49816257,0.49443218,1.2654085,0.31466427,0.006040062,contempt
0.67078,0.00284967,0.0070952587,0.08339593,0.094223104,0.08880952,0.500084,0.29392684,0.2655512,0.4805956,0.4584002,1.1669575,0.3022423,0.0050437273,contempt
0.5965076,0.003063588,0.009814216,0.08777311,0.100913815,0.09434345,0.5972489,0.28013355,0.2646148,0.5053952,0.47267836,1.1922377,0.27687615,0.024084328,contempt
0.60856485,0.0007596289,0.0023893998,0.116816334,0.11716583,0.11699108,0.7071233,0.28953463,0.288435,0.51287615,0.5007129,1.2773614,0.28555247,0.0002935726,contempt
0.59714645,0.00038810977,0.0012137842,0.09073011,0.083586335,0.087158225,0.54054976,0.28328797,0.27299756,0.5153118,0.48578382,1.2318838,0.3226645,0.05276989,contempt
0.519168,0.0006067683,0.002030865,0.095933154,0.08293369,0.08943342,0.52906656,0.2946054,0.29809454,0.5006094,0.4987306,1.1654385,0.30822816,0.008639875,contempt
0.5669788,0.0012038002,0.004143701,0.08564021,0.081595495,0.08361786,0.5386599,0.31770498,0.2946292,0.5422869,0.4947249,1.2670549,0.30224437,0.017365603,contempt
0.65488786,0.0033932903,0.010301334,0.079539105,0.060395937,0.06996752,0.4432575,0.31476775,0.3024719,0.51794887,0.5183095,1.2537044,0.31572223,0.00080959656,contempt
0.6022431,0.00041086468,0.001330372,0.115934975,0.113399215,0.114667095,0.71130043,0.28874037,0.28321734,0.5120846,0.50129,1.2938169,0.29629552,0.005256499,contempt
0.66367114,0.008047982,0.023186145,0.10536184,0.09788856,0.101625204,0.6299909,0.2837229,0.2815026,0.49952573,0.491105,1.2489524,0.30187693,0.0010080305,contempt
0.5713261,0.0015483894,0.0053458805,0.08389986,0.08029676,0.08209831,0.5412396,0.32535973,0.29740146,0.5496382,0.49459344,1.2578336,0.3058443,0.013439445,contempt
0.61772305,0.0027529425,0.008051393,0.0914711,0.08620559,0.08883834,0.54935217,0.2521602,0.26414478,0.46542212,0.50000787,1.1414937,0.25712967,0.029480074,contempt
0.5681956,0.0024120964,0.008369671,0.082659855,0.07471032,0.07868509,0.5189182,0.3201017,0.29716688,0.54326695,0.4946015,1.248976,0.301692,0.01808332,contempt
0.5748118,0.0008784703,0.002663045,0.12008789,0.12157455,0.12083122,0.66454405,0.30404985,0.25235164,0.52130365,0.44731998,1.2250011,0.28053167,0.01674252,contempt
0.63500875,0.0018629283,0.005916585,0.10589065,0.09915408,0.10252236,0.67514074,0.29133433,0.28058565,0.5137978,0.5038767,1.2529231,0.32384202,0.04091378,contempt
0.617566,0.0013244806,0.0039655906,0.08828423,0.082072966,0.0851786,0.5198265,0.28487867,0.27095616,0.5186082,0.48306403,1.227208,0.33061936,0.068798564,contempt
0.55342203,0.0018990702,0.005926171,0.06167213,0.06650608,0.064089105,0.38592505,0.30669823,0.29713845,0.51145667,0.5073308,1.1843326,0.26167718,0.042767398,contempt
0.5362074,0.0028798697,0.009545889,0.09687868,0.07980074,0.08833971,0.5420197,0.2956473,0.2992411,0.49942246,0.50260746,1.1745483,0.29836023,0.023520155,contempt
0.6575742,0.014062251,0.04129168,0.10536012,0.09537257,0.10036635,0.6232858,0.2833411,0.2893416,0.4979005,0.49715903,1.2565023,0.31248128,0.005910741,contempt
0.6178174,0.0013528832,0.003959895,0.08880003,0.07808397,0.083442,0.4914617,0.29420456,0.29461408,0.49245974,0.48130232,1.1919426,0.24977173,0.020286737,contempt
0.588003,0.0023734835,0.007360818,0.09259614,0.083328806,0.08796248,0.5383818,0.2888007,0.3003041,0.49472737,0.47909984,1.1724089,0.24864224,0.00755002,contempt
0.52531624,0.004434674,0.015003627,0.08092254,0.08364675,0.082284644,0.5148889,0.29385564,0.28574982,0.4828763,0.48757374,1.1322002,0.3135976,0.1298227,contempt
0.53245807,0.0027730968,0.009986465,0.10131319,0.091821685,0.09656744,0.6215911,0.27492148,0.2762123,0.4859185,0.5009289,1.1964431,0.28341568,0.0029182045,contempt
0.53396034,0.0008183056,0.0026275958,0.056380287,0.07044168,0.06341098,0.3813702,0.2993982,0.3097289,0.5122715,0.5038852,1.0933423,0.26525748,0.066195056,contempt
0.6418701,0.0014433077,0.004076103,0.0843473,0.083766215,0.08405675,0.5392569,0.2661953,0.23535588,0.49819955,0.4490124,1.1304734,0.2687131,0.11962392,contempt
0.615084,0.00084894797,0.0026981977,0.1140492,0.11491949,0.11448435,0.72716564,0.28212753,0.2861641,0.4996983,0.5040498,1.2384043,0.30193147,0.017611397,contempt
0.52340615,4.777716e-05,0.00015902297,0.07129356,0.079379804,0.07533668,0.4570469,0.29963878,0.29023513,0.50024825,0.47999555,1.1116625,0.28910565,0.08026619,contempt
0.60097563,0.002058694,0.006581965,0.0833439,0.10254533,0.092944615,0.59530497,0.27480173,0.2640666,0.50213003,0.47973552,1.2024835,0.2866306,0.020984964,contempt
0.52706873,0.0006823894,0.002252499,0.060979366,0.068590805,0.064785086,0.3936821,0.30152088,0.2946552,0.48993582,0.50879055,1.1097696,0.27323195,0.15687832,contempt
0.62924784,0.004667808,0.0123517485,0.09863174,0.07987846,0.0892551,0.5058159,0.25722083,0.29269162,0.45985177,0.47208354,1.0704968,0.2808919,0.14239231,contempt
0.5585749,0.002510298,0.007831363,0.11643229,0.10700671,0.111719504,0.62451184,0.26911214,0.2752594,0.4610039,0.49619573,1.145484,0.2967657,0.05562304,contempt
0.550178,0.004753289,0.017821377,0.073790334,0.077430196,0.075610265,0.5452227,0.28570274,0.28678077,0.4965298,0.48355442,1.29392,0.33969447,0.16863208,contempt
0.37887454,0.0020333135,0.010030286,0.094022766,0.08624097,0.090131864,0.5829245,0.28581887,0.27452007,0.46663773,0.47861156,1.1729374,0.36045635,0.016085435,contempt
0.5258512,0.00021022299,0.00073058996,0.12881969,0.12706989,0.12794478,0.7285469,0.25128847,0.27710065,0.47292897,0.49579802,1.1327039,0.29464307,0.0436364,contempt
0.54677695,0.001969614,0.006902369,0.07761855,0.051845267,0.06473191,0.41064718,0.3118663,0.2969929,0.5213469,0.49227977,1.2189271,0.29017878,0.026997825,contempt
0.54139334,0.0016429423,0.005580542,0.12881255,0.121536486,0.12517451,0.7305182,0.2794847,0.25987005,0.49284106,0.4812099,1.1375227,0.24670121,0.06970742,contempt
0.5663025,0.011460154,0.04001236,0.08506765,0.09859477,0.09183121,0.61210763,0.27624965,0.28458312,0.4893299,0.51034755,1.1740764,0.34802985,0.055834685,contempt
0.56822264,0.005604251,0.018406447,0.08129025,0.06327982,0.072285034,0.45941183,0.28612986,0.28002104,0.50456345,0.49668026,1.1989478,0.30483177,0.12847812,contempt
0.62305295,0.0012282458,0.0035780761,0.08319588,0.07272318,0.07795953,0.47447607,0.28787413,0.29405907,0.4916693,0.48468408,1.1593708,0.23659544,0.03869961,contempt
0.5836339,0.017433062,0.052538484,0.08639421,0.093393125,0.08989367,0.55938464,0.25565076,0.2542327,0.46521717,0.49474773,1.0837747,0.26290452,0.088831194,contempt
0.5847132,0.02958323,0.09903843,0.09172836,0.09404698,0.09288767,0.60256803,0.2901483,0.2702697,0.5226681,0.47578603,1.2100378,0.28607246,0.10800247,contempt
0.5398867,0.0027525318,0.009887476,0.07433009,0.06320973,0.06876992,0.44749716,0.3192254,0.29814342,0.53544945,0.492751,1.2035596,0.29552457,0.030785609,contempt
0.546765,0.0013763907,0.0044599026,0.116182014,0.12022204,0.11820204,0.68061227,0.2967161,0.26308516,0.536198,0.437337,1.1468625,0.27642995,0.11083582,contempt
0.5345285,0.0019950822,0.0073825493,0.07725656,0.088956505,0.08310653,0.55423695,0.29864907,0.31593618,0.5001253,0.52573895,1.2367938,0.3069373,0.004637075,contempt
0.5631665,0.021689076,0.07332033,0.081162676,0.087868385,0.08451553,0.54524523,0.29405135,0.27430555,0.522877,0.4773946,1.18209,0.29654548,0.051109206,contempt
0.5688701,0.0013903433,0.0046759476,0.102421686,0.106367595,0.104394644,0.6508644,0.29075855,0.28348684,0.5104873,0.50663644,1.2271363,0.29102048,0.088201664,contempt
0.6324126,0.023818782,0.06261612,0.09076435,0.09016489,0.09046462,0.51764196,0.26129577,0.28253523,0.47432265,0.46600792,1.0665216,0.30670422,0.15725897,contempt
0.5736298,0.00048022205,0.0014941281,0.117890134,0.12953258,0.123711355,0.7237769,0.29035977,0.26082525,0.5163903,0.45563024,1.1993594,0.31066644,0.08647247,contempt
0.5560265,0.0012368597,0.0043596104,0.083257705,0.07029183,0.07677477,0.51155025,0.3120747,0.29578382,0.52394634,0.49897343,1.2328465,0.28627706,0.058702886,contempt
0.4997728,0.0012186153,0.0042065433,0.06860329,0.0810412,0.074822254,0.44820294,0.2929386,0.29247686,0.49166098,0.48933905,1.1160058,0.31173813,0.05945053,contempt
0.61668205,0.00069174764,0.002026526,0.06855262,0.072468914,0.07051077,0.4265908,0.30125803,0.2973495,0.48134372,0.4988527,1.1599871,0.2317946,0.1599111,contempt
0.6451005,0.0023665484,0.0073012477,0.064766474,0.07480053,0.069783494,0.45352203,0.29704967,0.29832035,0.50548327,0.52359617,1.2508668,0.3237124,0.14588745,contempt
0.5383897,0.0007908081,0.0025347124,0.05911693,0.05889244,0.059004683,0.36082026,0.29259852,0.297977,0.4921441,0.5080044,1.0986062,0.26207986,0.12089229,contempt
0.5057659,0.0029250209,0.0104741035,0.14041422,0.12552316,0.1329687,0.7645428,0.25570977,0.26926485,0.48186705,0.46901694,1.1247185,0.2578055,0.024506392,contempt
0.57464045,0.00024025599,0.0008046518,0.10111005,0.089905865,0.09550795,0.6019741,0.27064872,0.28023592,0.48380783,0.50007784,1.1852179,0.28813916,0.036619853,contempt
0.5947917,0.039934877,0.120593555,0.10272249,0.08821528,0.09546888,0.5640282,0.29651394,0.28726467,0.5009921,0.48373395,1.148095,0.25526556,0.02663661,contempt
0.5306554,0.0037427756,0.012766168,0.077979,0.078120746,0.07804987,0.49709907,0.29705,0.29329827,0.502626,0.49192804,1.144702,0.29860893,0.11754725,contempt
0.5233037,0.0053775925,0.021632932,0.063633725,0.07618333,0.06990852,0.5207964,0.2967869,0.28145638,0.49752262,0.49001202,1.2706552,0.34029055,0.01768519,contempt
0.6377666,0.004272822,0.013297519,0.07328133,0.03031371,0.05179752,0.33773667,0.30528453,0.30120122,0.5148592,0.5119979,1.2413679,0.32816404,0.088003784,contempt
0.5535854,0.003222346,0.011307938,0.094152845,0.10640768,0.10028026,0.6476018,0.28978682,0.2649592,0.49859753,0.49245176,1.2156303,0.3249863,0.11087207,contempt
0.5281796,0.0004314315,0.0014375786,0.07636575,0.08059889,0.07848232,0.4832047,0.28616294,0.30340445,0.48170367,0.5016875,1.1304138,0.2935774,0.036437746,contempt
0.63332367,0.0024167686,0.0063487617,0.09033882,0.087558575,0.0889487,0.50592333,0.28464267,0.27056664,0.46484277,0.4613047,1.0966789,0.3053413,0.045699563,contempt
0.6280175,0.0014412388,0.004563513,0.073654994,0.071217544,0.072436266,0.46564323,0.3156825,0.30710596,0.5250898,0.5240695,1.2351762,0.30745783,0.029771563,contempt
0.55021393,0.0023119557,0.0072400393,0.07762664,0.08409517,0.080860905,0.47866127,0.2918407,0.292669,0.4957504,0.49045533,1.1123846,0.3005418,0.12431129,contempt
0.5690395,0.017441664,0.059392385,0.08087734,0.09233264,0.08660499,0.5634934,0.2680396,0.27890155,0.4758356,0.50380594,1.194694,0.31095862,0.08343684,contempt
0.54726803,0.0003594322,0.001179359,0.089740515,0.0768964,0.08331846,0.514217,0.3040773,0.29129463,0.51271933,0.48377198,1.1491704,0.282625,0.029778132,contempt
0.56675094,0.0013522845,0.0040974943,0.051635824,0.058666233,0.05515103,0.33329633,0.30504984,0.29102564,0.5030269,0.49324095,1.1263798,0.27065417,0.13003318,contempt
0.5399639,0.00075259834,0.0026615784,0.06504101,0.08805119,0.0765461,0.4858935,0.3007722,0.2992077,0.49748564,0.5183953,1.1935006,0.29830796,0.13885923,contempt
0.63903487,0.0006951297,0.0021121667,0.09006679,0.094486244,0.09227652,0.5938432,0.29630813,0.28353432,0.5074112,0.4957787,1.2448065,0.3044996,0.14479682,contempt
0.42120638,0.014328608,0.06419064,0.08394823,0.09161438,0.08778131,0.56632495,0.29871386,0.27673113,0.47409865,0.48441496,1.1557992,0.3751613,0.063334815,contempt
0.41343006,0.0064509,0.029623693,0.086902745,0.09147662,0.089189686,0.5696846,0.29347244,0.2836491,0.51304406,0.44611928,1.1772958,0.3537008,0.05045209,contempt
0.5749588,0.0001852924,0.00058549497,0.098129936,0.09745734,0.09779364,0.5828354,0.28931117,0.28104445,0.49865365,0.48423028,1.152184,0.24641684,0.03253268,contempt
0.58452594,0.0025035744,0.008365872,0.12566541,0.10969214,0.11767878,0.7625291,0.2677428,0.2884034,0.47969145,0.5165131,1.2218521,0.30025625,0.06610876,contempt
0.62335277,0.0034733685,0.011295549,0.09518051,0.084213614,0.08969706,0.62015945,0.2833133,0.27640527,0.50460476,0.50305015,1.2390473,0.3570257,0.05489295,contempt
0.5496206,0.0020802605,0.006637553,0.0967222,0.088544264,0.09263323,0.5631931,0.24025494,0.2633371,0.4629819,0.48469332,1.1074125,0.27314082,0.050164383,contempt
0.5995885,0.0020201218,0.0065792813,0.09829214,0.1138068,0.10604947,0.68621534,0.29554224,0.29434198,0.5177331,0.50252676,1.211858,0.3019269,0.04167432,contempt
0.49987355,0.0060516205,0.025351962,0.049997315,0.08500888,0.0675031,0.4906348,0.30580854,0.29392004,0.49509957,0.49266595,1.2858517,0.3345987,0.019049557,contempt
0.45683014,0.003761508,0.015651416,0.09482278,0.097055055,0.09593891,0.6126167,0.3084556,0.29005545,0.5235497,0.46134818,1.2117876,0.33701605,0.08338928,contempt
0.650117,0.0031289228,0.009421455,0.07955919,0.032712188,0.05613569,0.36078468,0.31262425,0.29131323,0.52143365,0.49986482,1.2314903,0.3020558,0.11151542,contempt
0.65975887,0.020233875,0.062985174,0.10300802,0.09003153,0.09651977,0.67086834,0.2818426,0.28250736,0.5182449,0.5081768,1.244743,0.34890002,0.03908094,contempt
0.49604264,0.000837649,0.0029144497,0.052629713,0.048448063,0.05053889,0.310567,0.31317458,0.29766247,0.51838475,0.48645398,1.0973829,0.28808203,0.07361145,contempt
0.52139163,0.002253707,0.009066448,0.067389704,0.08579412,0.07659191,0.5581289,0.30197665,0.29806817,0.50163877,0.49796486,1.2982787,0.33012497,0.059371084,contempt
0.60429275,0.0022698152,0.0062964163,0.079746634,0.07347808,0.07661235,0.4551958,0.25871202,0.29424417,0.45294863,0.46431947,1.035042,0.30026588,0.05403515,contempt
0.55936056,0.0013035523,0.004133491,0.10747014,0.11330436,0.11038725,0.63138235,0.27926207,0.28081396,0.45426196,0.5112197,1.147165,0.2918913,0.122987956,contempt
0.6289638,0.038511705,0.11683566,0.08274579,0.099545464,0.09114563,0.572802,0.29241362,0.28104743,0.50448567,0.4913968,1.2295536,0.3228763,0.13351332,contempt
0.63594896,0.015300974,0.0406113,0.100222856,0.08784027,0.09403156,0.555744,0.25761947,0.28117684,0.45936465,0.4571485,1.0682456,0.29850104,0.019467091,contempt
0.47149828,0.005981688,0.023933224,0.1062643,0.12985067,0.11805749,0.7675904,0.27232966,0.27183074,0.4339188,0.50839436,1.2115393,0.35259047,0.04837297,contempt
0.62411594,0.02203758,0.05907437,0.094368294,0.09609816,0.09523323,0.5540397,0.26637572,0.28861895,0.45313436,0.47418895,1.0721465,0.298999,0.07775478,contempt
0.62286776,0.0043569976,0.011590201,0.07805943,0.0931404,0.085599914,0.49236566,0.28431356,0.27834627,0.45670158,0.47483242,1.0831319,0.295795,0.12922302,contempt
0.5473611,0.0057717175,0.019374186,0.134544,0.12177778,0.1281609,0.7331119,0.26232734,0.2647102,0.4876231,0.48040536,1.1325613,0.26196247,0.09649164,contempt
0.49604377,0.0014145722,0.004794817,0.06332515,0.059720185,0.061522666,0.3510911,0.29955447,0.3034246,0.4915865,0.50940675,1.0900906,0.2624081,0.07274269,contempt
0.45292047,0.017689524,0.078468226,0.09878841,0.08740361,0.09309601,0.6412429,0.28545788,0.26463646,0.48063916,0.46709552,1.205624,0.32278278,0.074999884,contempt
0.542517,0.0011890389,0.0038282631,0.110309385,0.11827292,0.11429116,0.6472719,0.27683645,0.2780984,0.45981497,0.49828985,1.1556407,0.2894439,0.032623272,contempt
0.63921666,0.0051847287,0.015388317,0.08471601,0.09183186,0.088273935,0.5491153,0.2932557,0.2750876,0.5017882,0.48448652,1.1945338,0.30657163,0.073542275,contempt
0.5331548,0.0009967034,0.0032366384,0.0699865,0.06774112,0.06886381,0.41528666,0.30862775,0.28813845,0.50754374,0.49265116,1.1285813,0.26186743,0.031159429,contempt
0.5518322,0.00072488456,0.0023001737,0.11390074,0.1192641,0.11658243,0.6571616,0.26474923,0.289876,0.4575587,0.5198905,1.1711597,0.3132284,0.060448512,contempt
0.61457413,0.0024036989,0.007431756,0.09578661,0.09579956,0.095793076,0.6016865,0.28582448,0.2823061,0.489136,0.5008635,1.2061164,0.298966,0.099721104,contempt
0.5527421,0.010673986,0.038142692,0.0629907,0.08228376,0.07263723,0.4860626,0.301997,0.3218223,0.496533,0.53910345,1.231532,0.28496438,0.015714077,contempt
0.5260431,0.009264512,0.034067415,0.07803883,0.07524651,0.07664266,0.506277,0.27935728,0.27837408,0.5124459,0.4899512,1.185686,0.3119207,0.016125385,contempt
0.5522633,0.006788328,0.02178028,0.11546819,0.11985167,0.11765992,0.6702239,0.30247676,0.25195307,0.5405195,0.43552268,1.155181,0.2940034,0.051465247,contempt
0.5544503,0.001101409,0.003896289,0.09349966,0.07649488,0.084997274,0.57196665,0.28041857,0.28853637,0.5135381,0.5015194,1.230737,0.32232466,0.02833586,contempt
0.539909,0.0045325914,0.017705835,0.0648119,0.06075123,0.062781565,0.46812454,0.29092598,0.29424825,0.49608624,0.4872598,1.2813404,0.3538981,0.07174448,contempt
0.5982007,0.001965689,0.0058907433,0.08620072,0.082442135,0.084321424,0.51825327,0.27020746,0.25057107,0.5047302,0.46144852,1.1564572,0.27753934,0.027305657,contempt
0.61738735,0.0012839074,0.0041885325,0.053613987,0.07823016,0.06592207,0.4343854,0.30178487,0.30951568,0.5186558,0.5205986,1.2545387,0.31870043,0.010574251,contempt
0.5368052,0.005934665,0.020866489,0.05807296,0.092254475,0.075163715,0.50000566,0.32642117,0.2736761,0.5440091,0.47681072,1.1977072,0.308708,0.08290657,contempt
0.5312,0.0024551752,0.0079844985,0.06317918,0.06292236,0.06305077,0.38442084,0.30833632,0.3071981,0.50020623,0.5123129,1.0998888,0.27021673,0.061057694,contempt
0.495145,0.008617085,0.036629062,0.07387752,0.07554692,0.074712224,0.5325754,0.28684452,0.29721358,0.4918387,0.4931521,1.3295027,0.35363162,0.15834554,contempt
0.56364566,0.0016168469,0.0052366653,0.07398506,0.07797445,0.07597976,0.46926948,0.29786494,0.30298662,0.48304743,0.49596614,1.1518388,0.24494658,0.10942893,contempt
0.52093244,0.0007412319,0.002776946,0.11021715,0.09801932,0.104118235,0.6765394,0.27953318,0.2742697,0.5061855,0.48874837,1.208182,0.29614747,0.06838416,contempt
0.53184026,0.0010285163,0.0033482306,0.04845361,0.05616866,0.052311137,0.31745863,0.30296558,0.3015241,0.5002898,0.5047541,1.1071534,0.27778324,0.07169444,contempt
0.5198917,0.003941236,0.013888086,0.12838306,0.12302425,0.12570366,0.70689124,0.26122978,0.27452314,0.49200302,0.47573683,1.1118236,0.2502672,0.09921333,contempt
0.5679712,0.0025102112,0.0077333716,0.09479392,0.07466504,0.08472948,0.48391443,0.27938992,0.29254267,0.48144913,0.481388,1.1245815,0.23343612,0.051960006,contempt
0.5232097,0.0015142135,0.0053438046,0.13409372,0.11509937,0.12459654,0.73533595,0.27316165,0.27172127,0.4857546,0.48804915,1.1504004,0.28324598,0.06696467,contempt
0.5610164,0.02690769,0.08168878,0.078619584,0.087890945,0.08325527,0.48567078,0.29697564,0.29353228,0.47016224,0.4868768,1.1320466,0.3050635,0.0068488084,contempt
0.51649487,0.0015799832,0.005247927,0.07887704,0.08409065,0.08148384,0.4817533,0.3091719,0.287948,0.5044508,0.4857766,1.0953542,0.31018624,0.027644224,contempt
0.6450963,0.027135272,0.07674617,0.10161852,0.10786619,0.104742356,0.6231455,0.3051102,0.28619894,0.48488268,0.496686,1.1850638,0.27278274,0.1688543,contempt
0.5332477,0.0010248702,0.0034991817,0.12533592,0.12429625,0.12481609,0.70931524,0.2647252,0.27627423,0.49070832,0.480439,1.1342293,0.26983812,0.040605865,contempt
0.57348174,0.0032362768,0.010662736,0.087589435,0.11278146,0.100185454,0.6191793,0.28087118,0.2738877,0.50135905,0.48766336,1.1659452,0.2736702,0.0051421057,contempt
0.58871484,0.0014968307,0.0045593944,0.07366986,0.06693159,0.07030072,0.42046654,0.30213645,0.2954472,0.48890823,0.48697007,1.1314623,0.23434545,0.09104455,contempt
0.5970907,0.0029621052,0.00977711,0.118908994,0.10429225,0.11160062,0.7128729,0.3002848,0.26712433,0.5181936,0.48744935,1.2558473,0.32793838,0.079518214,contempt
0.66710943,0.0044217254,0.013189336,0.07434486,0.044919062,0.059631962,0.38832733,0.30990148,0.30175403,0.51608527,0.516128,1.256159,0.30009708,0.07741075,contempt
0.50251085,0.0020568732,0.007493481,0.13199879,0.11815272,0.12507576,0.7179296,0.27910066,0.27127004,0.49503294,0.49369708,1.151955,0.26601335,0.020250546,contempt
0.6188761,0.00078972825,0.0024621384,0.091123,0.09427724,0.09270012,0.5902444,0.29924977,0.29192692,0.51074743,0.4985164,1.2287049,0.28729594,0.1605469,contempt
0.5218397,0.003128414,0.012600146,0.07300403,0.075739175,0.074371606,0.5395593,0.28529295,0.30083793,0.491407,0.49419048,1.2893239,0.35487148,0.03816417,contempt
0.62823254,0.0008895897,0.0027100055,0.09148414,0.10177063,0.096627384,0.6086232,0.2948845,0.28286907,0.5054859,0.48873016,1.1996022,0.303526,0.07289756,contempt
0.5862436,0.024646368,0.08146489,0.08456768,0.10262816,0.09359792,0.6041102,0.26835713,0.2784906,0.48196235,0.5035213,1.1928229,0.30779526,0.12837233,contempt
0.6208684,0.0016111144,0.0049835118,0.08859903,0.09882112,0.09371008,0.60380447,0.2986202,0.29029462,0.5119817,0.49016437,1.2103238,0.29237372,0.115618974,contempt
0.59388477,0.01981373,0.06633613,0.09931618,0.095533766,0.09742497,0.6503391,0.26546875,0.26964587,0.49174774,0.49472687,1.1834404,0.33575282,0.017933695,contempt
0.5511363,0.0026624692,0.010175614,0.05872588,0.09618376,0.07745482,0.5808762,0.29620993,0.28970996,0.4967923,0.49892154,1.3181304,0.36276346,0.0809519,contempt
0.52671605,0.0009075121,0.0030033079,0.080552615,0.08071677,0.0806347,0.49286982,0.29211962,0.28281814,0.48842108,0.47300985,1.1372237,0.3037863,0.15440494,contempt
0.57596076,0.0012480054,0.0040653977,0.11607782,0.114766575,0.1154222,0.68866986,0.259881,0.2688828,0.4850291,0.48649818,1.1858404,0.29338422,0.008779045,contempt
0.5924425,0.0016703485,0.0048391595,0.07547315,0.07877881,0.07712598,0.44452077,0.2971037,0.29599622,0.48110354,0.48776168,1.1196355,0.3120421,0.13909948,contempt
0.5747476,0.0013750498,0.004254724,0.121314846,0.11699525,0.11915504,0.6859489,0.3124504,0.25220504,0.5391921,0.44083,1.1954634,0.29586095,0.046171024,contempt
0.64567,0.0066824933,0.021023326,0.07023317,0.051967505,0.061100338,0.405564,0.31799245,0.3048296,0.5191816,0.51647323,1.2665373,0.30475155,0.009511299,contempt
0.55705917,0.0013526723,0.0046572066,0.061661232,0.08993817,0.0757997,0.4775925,0.30768058,0.31743535,0.48945117,0.5389926,1.2188442,0.30176556,0.07230566,contempt
0.54746664,0.0012947114,0.0042222044,0.076205514,0.07803022,0.07711787,0.48030502,0.2864122,0.30063242,0.49014938,0.5015263,1.1285894,0.29403222,0.051706508,contempt
0.5631361,0.0034083228,0.011529769,0.10044779,0.08363897,0.092043385,0.58237785,0.28064108,0.27925506,0.49659467,0.49412525,1.2088327,0.28129047,0.009797724,contempt
0.57557446,0.0014580726,0.0049350793,0.10412772,0.10901026,0.106568985,0.6932776,0.27628264,0.27668473,0.4889322,0.49676096,1.1796956,0.2931776,0.11991443,contempt
0.55353945,0.0024529616,0.008301207,0.07148528,0.075137466,0.07331137,0.4739044,0.27068022,0.2815355,0.4679568,0.51645195,1.1814734,0.27173346,0.03697287,contempt
0.5898602,0.0015427029,0.004660423,0.091773115,0.08347601,0.08762456,0.54131514,0.24724415,0.26256052,0.4609868,0.49263713,1.1432668,0.2693556,0.019274289,contempt
0.62011,0.00046702859,0.0015207308,0.067405455,0.07590513,0.07165529,0.48053876,0.29842326,0.3149199,0.51436657,0.5306118,1.2460554,0.30768707,0.08960675,contempt
0.5962788,0.00064604246,0.002078246,0.09308451,0.06316662,0.07812556,0.50352824,0.28451884,0.28671703,0.51095045,0.4989471,1.2489909,0.33398357,0.0715097,contempt
0.5421828,0.001581131,0.005596407,0.108747296,0.11831647,0.11353188,0.70716834,0.29307243,0.26895505,0.51988167,0.48839793,1.1785812,0.31795427,0.00033846503,contempt
0.5669135,0.016889459,0.050272457,0.06827666,0.07902106,0.07364886,0.41227728,0.30474052,0.3005757,0.47524023,0.5081823,1.1302968,0.31948707,0.13324969,contempt
0.63765347,0.0027064234,0.008371356,0.076881975,0.039887138,0.058384556,0.37975237,0.3006642,0.30645293,0.5051872,0.52394736,1.2267888,0.30377975,0.047470868,contempt
0.6101002,0.0036789107,0.010155318,0.0776632,0.07795494,0.077809066,0.45353714,0.2887887,0.2919176,0.46554548,0.4828959,1.1094522,0.3050863,0.11771973,contempt
0.5273752,0.0021870492,0.008009498,0.10653013,0.109435104,0.10798262,0.68476284,0.27351686,0.28282067,0.4895512,0.5039418,1.2011436,0.28091395,0.019073311,contempt
0.6128673,0.0012945117,0.0035884506,0.07570154,0.08425897,0.07998026,0.46259594,0.29376253,0.29434162,0.4756094,0.48150355,1.1494703,0.2899525,0.019084746,contempt
0.60759276,0.010497847,0.032813884,0.107837535,0.11356475,0.11070115,0.686989,0.27921006,0.28438205,0.4951989,0.50251675,1.2173687,0.32382056,0.06984079,contempt
0.5788416,0.0028037955,0.009288181,0.102805875,0.099248014,0.101026945,0.63125116,0.2769206,0.28405237,0.489229,0.49650145,1.2147511,0.30807152,0.11133297,contempt
0.6599097,0.034384888,0.09984793,0.09115904,0.09445041,0.09280472,0.58735245,0.29895303,0.27616775,0.518027,0.4752323,1.2484598,0.30369493,0.014632334,contempt
0.56651753,0.0029884416,0.010262602,0.1116619,0.096475445,0.10406868,0.68344295,0.28726202,0.28515774,0.5142539,0.50534594,1.221657,0.29757866,0.01426886,contempt
0.53164893,0.0016236012,0.0052820374,0.05843749,0.06416489,0.06130119,0.3795995,0.29831895,0.29034734,0.4984463,0.49988773,1.0790963,0.2543335,0.07007098,contempt
0.5895515,0.0055395383,0.01808749,0.1107955,0.1136098,0.11220265,0.7081452,0.2898267,0.28375086,0.5071944,0.50068873,1.2051779,0.29387778,0.1313993,contempt
0.59263384,0.0022213915,0.0071788495,0.08849874,0.09370446,0.0911016,0.5801985,0.28451172,0.27844498,0.51723766,0.48918265,1.2052412,0.28315327,0.08437649,contempt
0.5348636,0.014636295,0.053366166,0.07907276,0.06428177,0.07167726,0.47221965,0.32073635,0.29414263,0.54064304,0.4904555,1.2147167,0.30608642,0.13382764,contempt
0.6437345,0.0010073894,0.0029868516,0.09388945,0.07869496,0.08629221,0.5406479,0.27220285,0.28822422,0.48130348,0.4991156,1.2121584,0.30277643,0.06535213,contempt
0.586094,0.026599303,0.09072306,0.0941916,0.10760261,0.10089711,0.6553218,0.27480096,0.2750885,0.49827003,0.49971277,1.1934297,0.34297848,0.04259718,contempt
0.5994832,0.027069528,0.092451125,0.104547694,0.100322805,0.102435246,0.69111943,0.28398237,0.28315982,0.511049,0.49740452,1.266589,0.34904867,0.033448894,contempt
0.53378886,0.0028569256,0.010150446,0.07479746,0.08107471,0.07793608,0.5043021,0.28479218,0.27862516,0.5094547,0.48442996,1.2371647,0.31119785,0.012510287,contempt
0.6008143,0.0012826021,0.0042572133,0.08695768,0.10074174,0.0938497,0.626445,0.2787558,0.2748444,0.50042456,0.49729177,1.231909,0.3263244,0.10170251,contempt
0.6128954,0.00078530074,0.0022961984,0.09721642,0.083970904,0.090593666,0.55356497,0.28579924,0.28578544,0.48107904,0.4816813,1.1422487,0.2141918,0.01841806,contempt
0.50130826,0.0053236913,0.018646851,0.07630237,0.07900175,0.07765206,0.47770882,0.29435942,0.28722584,0.5073574,0.48739544,1.1116562,0.28403467,0.06595973,contempt
0.63120776,0.0014150719,0.004047186,0.08799531,0.07576005,0.08187768,0.48451892,0.294891,0.29102793,0.4937326,0.47992533,1.132146,0.25255963,0.032751855,contempt
0.6266812,0.006805344,0.01967573,0.087871075,0.10154922,0.09471015,0.5576694,0.2865676,0.29159942,0.48203158,0.50082606,1.1793053,0.2748523,0.075278595,contempt
0.54118204,0.0022706855,0.0072751357,0.060487002,0.055616185,0.058051594,0.35026962,0.30979824,0.30880347,0.5081534,0.5149231,1.162875,0.28389782,0.061097726,contempt
0.5989738,0.0010926864,0.0031160878,0.07839197,0.08251711,0.080454536,0.46179903,0.28755653,0.30641317,0.46911162,0.4957702,1.122073,0.29328302,0.14328443,contempt
0.6361181,0.0056222766,0.016855706,0.087462194,0.099216856,0.093339525,0.5886114,0.29342544,0.28027147,0.5041804,0.48408386,1.2109503,0.29696453,0.016385721,contempt
0.5412697,0.0004283442,0.0015300055,0.06253311,0.06772056,0.06512684,0.42298347,0.3071548,0.31815928,0.51478547,0.512459,1.2360412,0.30726653,0.113615155,contempt
0.62975043,0.004353476,0.011742815,0.10178908,0.095328905,0.09855899,0.5845759,0.2753515,0.25908178,0.45438552,0.45777002,1.0944942,0.31193513,0.026320897,contempt
0.6036204,0.00022613471,0.00068182003,0.056344774,0.07189936,0.064122066,0.3897005,0.31049323,0.29060206,0.48272112,0.4963719,1.1632817,0.2592825,0.04970685,contempt
0.6231213,0.0013108472,0.0041604806,0.06686884,0.07785534,0.072362095,0.46865347,0.29441562,0.29975548,0.5055188,0.5143637,1.2344118,0.31782284,0.13567956,contempt
0.6440777,0.02326533,0.060689077,0.09405564,0.10170375,0.09787969,0.5678848,0.28310123,0.26074702,0.46021593,0.456295,1.0776871,0.29538375,0.061018758,contempt
0.5950931,0.00366738,0.011936098,0.10579928,0.08672869,0.09626398,0.6141688,0.27189195,0.29602915,0.47777483,0.52247375,1.2232562,0.29169345,0.0041828966,contempt
0.59944004,0.017373417,0.04879804,0.08493893,0.08694172,0.085940324,0.5137972,0.26558253,0.28839925,0.4608696,0.46008727,1.0617383,0.2974652,0.08064564,contempt
0.5043789,0.0028926665,0.011303218,0.06546358,0.06373296,0.06459826,0.4289627,0.30769578,0.31165478,0.49989533,0.5217695,1.2300282,0.31141785,0.08592286,contempt
0.5930695,0.033167392,0.11193862,0.09166795,0.10539631,0.09853213,0.6647281,0.27843127,0.2680801,0.50724405,0.490056,1.2428936,0.35405877,0.0537388,contempt
0.44731233,0.007985225,0.03386443,0.11740669,0.116291024,0.116848856,0.7366548,0.2761387,0.26971844,0.48841456,0.4686756,1.1838591,0.35201758,0.10377128,contempt
0.57160115,0.0013907547,0.0046858005,0.10608162,0.098320335,0.102200985,0.6402675,0.28409153,0.2693981,0.5203914,0.48131156,1.2070245,0.29739708,0.11528887,contempt
0.53962374,0.0039636297,0.012759062,0.078034505,0.080588244,0.07931137,0.4726612,0.30387056,0.3056959,0.4778353,0.49137372,1.126646,0.2989705,0.0014133923,contempt
0.52255857,0.00043266005,0.0015127006,0.12778069,0.1291835,0.12848209,0.73952514,0.27805483,0.27335113,0.48870376,0.4947336,1.1362939,0.26090676,0.025175534,contempt
0.5222485,0.00060420396,0.0022190271,0.06910731,0.049741574,0.059424438,0.38898385,0.31207177,0.299454,0.5365048,0.48561752,1.207464,0.2786954,0.041996285,contempt
0.5587886,0.0016372106,0.0054067583,0.08395963,0.08865873,0.08630918,0.5337214,0.27586386,0.2779327,0.4864972,0.50769466,1.1802665,0.32212323,0.051769756,contempt
0.5698564,0.0015562745,0.0047190227,0.056190398,0.059106722,0.057648562,0.348623,0.30412114,0.28113502,0.5136779,0.46227324,1.0844539,0.27762857,0.02932811,contempt
0.5315914,0.022929357,0.07502982,0.12132536,0.1118664,0.11659587,0.64259654,0.29965508,0.2562379,0.51875633,0.454792,1.1704843,0.311009,0.045478772,contempt
0.6447508,0.03318746,0.09824921,0.093798876,0.09221385,0.093006365,0.5775852,0.29231808,0.27984855,0.5029743,0.48584893,1.230046,0.3146621,0.0033873923,contempt
0.6197176,0.0009489791,0.0029058317,0.092364036,0.09098726,0.09167565,0.57252944,0.28560427,0.28601664,0.49179903,0.49758974,1.2072836,0.30240577,0.12699324,contempt
0.5302015,0.002420438,0.008417379,0.11904372,0.124320515,0.121682115,0.70081437,0.26608905,0.28262153,0.48993507,0.49681675,1.1397578,0.28326347,0.09231194,contempt
0.53629297,0.0009767623,0.0033319867,0.13740022,0.12086413,0.12913218,0.7499078,0.25724477,0.2733534,0.4866654,0.47678903,1.1276449,0.2707375,0.029891323,contempt
0.523024,0.012420039,0.045616735,0.06991923,0.06927118,0.0695952,0.44762504,0.2966739,0.3171793,0.49880794,0.5219783,1.2143518,0.29457355,0.13441859,contempt
0.5737584,0.0004048291,0.0013249553,0.09229533,0.078159615,0.085227475,0.5305436,0.2826865,0.28709844,0.49281844,0.50581884,1.1768149,0.2848255,0.03301293,contempt
0.5517071,0.0011772824,0.0036391425,0.0660942,0.04446908,0.05528164,0.32876197,0.29395694,0.30057022,0.4926102,0.50511,1.1205568,0.26910582,0.082739435,contempt
0.6299407,0.0012057904,0.003870615,0.06831288,0.04799232,0.0581526,0.3822673,0.3104059,0.29854974,0.5153864,0.5084194,1.2603501,0.3113581,0.039468702,contempt
0.5739136,0.0020526848,0.0069437996,0.07470474,0.081780985,0.07824287,0.51470476,0.2838477,0.28855562,0.49128523,0.5203244,1.2118915,0.32297686,0.026430348,contempt
0.55936545,0.00048954686,0.0015309448,0.0875019,0.08788355,0.08769273,0.5310656,0.2623273,0.25256097,0.49230564,0.46971926,1.1040798,0.26392385,0.11164785,contempt
0.55014724,0.0014430921,0.005103207,0.099171996,0.088334724,0.09375336,0.62493885,0.26209268,0.290888,0.47706214,0.5174027,1.203714,0.28945485,0.020521281,contempt
0.5002579,0.001172789,0.004025755,0.042116042,0.06318734,0.05265169,0.31502435,0.31904563,0.28849438,0.5320377,0.46981052,1.0856702,0.29164448,0.055665806,contempt
0.51048297,0.011366401,0.038054835,0.07585313,0.09101791,0.08343552,0.4862122,0.29457885,0.29421446,0.48204568,0.48371544,1.069521,0.3053737,0.049558003,contempt
0.55273324,0.0013556826,0.0042458144,0.06079656,0.04420465,0.0525006,0.32027602,0.2965578,0.30143473,0.50264126,0.50987864,1.1296328,0.2581645,0.033929445,contempt
0.45550546,0.0044506616,0.01775027,0.12195312,0.10571342,0.11383327,0.6864748,0.2981336,0.27311686,0.48165116,0.48780406,1.129831,0.33927625,0.080076516,contempt
0.67253095,0.0024789895,0.006985841,0.11009361,0.090965234,0.100529425,0.6225441,0.27533346,0.28272617,0.49120197,0.4898294,1.2211272,0.2957818,0.003742702,contempt
0.6061278,0.021019518,0.06955216,0.100567356,0.104906,0.102736674,0.68816334,0.26962587,0.2734632,0.49532604,0.50384504,1.1879277,0.3630105,0.101967864,contempt
0.5871044,0.0012121438,0.0040523494,0.1203024,0.10743378,0.11386809,0.7446918,0.30255628,0.28218192,0.53166574,0.49536029,1.2264638,0.2990876,0.07841247,contempt
0.52081645,0.0016924368,0.005759269,0.12217523,0.116762385,0.11946881,0.6734724,0.28655514,0.2621902,0.51653135,0.46002427,1.1856707,0.31644827,0.14773276,contempt
0.6481904,0.009904782,0.029382596,0.1102629,0.09401061,0.10213675,0.6362617,0.2809133,0.28142938,0.49242237,0.49287033,1.2322687,0.29391402,0.0016211836,contempt
0.44487655,0.0015016618,0.006203831,0.117656276,0.126003,0.12182963,0.7518219,0.2668733,0.2680582,0.44950023,0.4977876,1.1765215,0.35984138,0.01163314,contempt
0.57760984,0.0026750155,0.009080437,0.11348904,0.11504606,0.11426755,0.7320367,0.27086705,0.29184476,0.4859464,0.51143056,1.1913002,0.29017976,0.032484002,contempt
0.6197775,0.12902738,0.38785705,0.05332584,0.035354134,0.04433999,0.27898693,0.29362664,0.29638323,0.50951666,0.5149368,1.2471576,0.3045852,0.03987877,disgust
0.5895935,0.0010685708,0.0033053418,0.04687879,0.054129403,0.050504096,0.31287402,0.30151978,0.28404617,0.49971226,0.49295056,1.2026709,0.29186875,0.028083464,disgust
0.5625036,0.0037086534,0.012604031,0.060491014,0.07035168,0.06542135,0.4185347,0.28455105,0.28813145,0.4909574,0.49877417,1.255889,0.26369458,0.0628948,disgust
0.5391075,0.004014318,0.014159122,0.07532205,0.046625096,0.06097357,0.3922529,0.29024854,0.28383264,0.5411083,0.49891686,1.2003925,0.2920956,0.036418267,disgust
0.5988361,0.07341651,0.22209741,0.050458346,0.06777244,0.05911539,0.3663794,0.2998687,0.2597295,0.5218532,0.45525336,1.2075692,0.2883868,0.10986212,disgust
0.48552084,0.011186023,0.04200881,0.014457287,0.032703083,0.023580186,0.1435572,0.2967644,0.28893143,0.4728528,0.502538,1.1650803,0.23926893,0.013222803,disgust
0.5256137,0.026519323,0.088222936,0.053754397,0.032415356,0.04308488,0.25302196,0.29228383,0.26925322,0.52213854,0.4981088,1.2064939,0.24747768,0.03748016,disgust
0.53972507,0.001228573,0.004121472,0.020416606,0.047262914,0.033839762,0.2080248,0.27835047,0.2772223,0.51481575,0.50753796,1.1640635,0.26243272,0.017201403,disgust
0.56630933,0.04674751,0.16143855,0.05591435,0.066544905,0.061229628,0.39615494,0.2986111,0.27268863,0.527162,0.4888864,1.2550232,0.29813755,0.006393941,disgust
0.52994674,0.0061622546,0.021006553,0.028128013,0.029792638,0.028960325,0.18022946,0.2950712,0.28409758,0.49248835,0.5119052,1.2009859,0.21233384,0.009906098,disgust
0.58128095,0.0014823329,0.0045464234,0.031728737,0.04908517,0.04040695,0.24380621,0.283655,0.2734987,0.5119136,0.50696737,1.2416743,0.28850412,0.004916366,disgust
0.53333193,0.0026001807,0.009421202,0.07882345,0.047428764,0.0631261,0.40763932,0.29807708,0.28103384,0.54712826,0.4941611,1.209996,0.29112953,0.04348245,disgust
0.5835893,0.02004149,0.06738926,0.058790278,0.03845064,0.04862046,0.32480577,0.29387861,0.29576677,0.4960527,0.5096735,1.2858881,0.31752187,0.047799036,disgust
0.5975207,0.026512653,0.08669278,0.060580812,0.064795434,0.06268812,0.39636856,0.2894123,0.29723212,0.51594543,0.5220174,1.2724516,0.33155215,0.06698574,disgust
0.6135427,0.113735825,0.3528194,0.046143577,0.03406851,0.040106043,0.26767218,0.26350626,0.2900533,0.47813123,0.53337604,1.2183303,0.3397024,0.01059907,disgust
0.546671,0.0006434039,0.002163447,0.015841492,0.049550463,0.032695975,0.20359184,0.28605103,0.27348572,0.51758087,0.50724983,1.1759834,0.2623428,0.014779713,disgust
0.524138,0.003206604,0.012357281,0.090030715,0.090185486,0.0901081,0.61302215,0.2797882,0.2857258,0.499375,0.5224826,1.2415103,0.23941623,0.0439118,disgust
0.5004509,0.001696926,0.0066683674,0.08402796,0.087682635,0.0858553,0.54257345,0.2645943,0.28732488,0.4790584,0.52857137,1.2341436,0.25148118,0.028754063,disgust
0.5932083,0.010804026,0.03289982,0.04329948,0.053614266,0.048456874,0.2959557,0.30206096,0.2832572,0.49875262,0.4962122,1.2087754,0.28649494,0.02663046,disgust
0.53780144,0.021070216,0.072922796,0.024198424,0.046436287,0.035317358,0.21747227,0.29443362,0.30648804,0.5095301,0.5365404,1.2197715,0.30850413,0.030654516,disgust
0.5467843,0.009727368,0.034171283,0.075206436,0.04663095,0.060918692,0.3964715,0.2958306,0.27728057,0.5447334,0.49237722,1.2016395,0.28756663,0.04163471,disgust
0.66027796,0.019506134,0.05473684,0.029247036,0.045520257,0.037383646,0.23020555,0.28630093,0.28917995,0.5062229,0.5097732,1.2176342,0.25866285,0.11025397,disgust
0.4996185,0.031986933,0.12726362,0.070614986,0.07890341,0.0747592,0.4719398,0.2938646,0.27920544,0.5129264,0.50925064,1.2754111,0.25705826,0.036504634,disgust
0.53082937,0.0047562076,0.017178461,0.03406784,0.05245864,0.043263238,0.27205747,0.30315852,0.3092529,0.52141327,0.5413741,1.2430435,0.31573936,0.01445037,disgust
0.5176198,0.0016261607,0.006085523,0.07850875,0.086139336,0.08232404,0.5110558,0.27546015,0.27371657,0.5128086,0.48867822,1.2521397,0.29382008,0.01019455,disgust
0.49452716,0.023854068,0.096340865,0.06575774,0.07436519,0.07006146,0.44123405,0.29067475,0.28283045,0.5127776,0.51413774,1.2718397,0.25820872,0.045066483,disgust
0.57867765,0.0050484156,0.015787488,0.04665351,0.04463264,0.045643076,0.2810489,0.29706565,0.2843683,0.4923434,0.49533218,1.1835406,0.27828357,0.027516622,disgust
0.5765602,0.0017531354,0.005475545,0.044239793,0.06921309,0.05672644,0.33830482,0.30686533,0.28883463,0.5193715,0.5083397,1.2353346,0.28232032,0.0041330094,disgust
0.5841473,0.017537896,0.059352167,0.07074621,0.07062548,0.07068584,0.4493338,0.30658257,0.28883561,0.5374115,0.5199898,1.242879,0.27882716,0.01696568,disgust
0.64011085,0.030016072,0.09649399,0.112337135,0.0878601,0.10009862,0.6406979,0.30997548,0.31348997,0.5443027,0.5242725,1.312094,0.24382958,0.05007684,disgust
0.5510122,0.010026566,0.03343178,0.090826936,0.07479487,0.08281091,0.508969,0.2771323,0.26835266,0.4909913,0.5051374,1.2626636,0.28697303,0.0005540064,disgust
0.5423083,0.0032245463,0.010556094,0.07749688,0.08679878,0.08214783,0.4615947,0.27891895,0.29075828,0.48718536,0.503841,1.2184558,0.2645331,0.0061353673,disgust
0.57874334,0.04501147,0.15722081,0.036397267,0.07963968,0.058018472,0.39422768,0.2884981,0.31531414,0.49264258,0.53276515,1.281779,0.3035244,0.04090066,disgust
0.5361618,0.006678409,0.022117196,0.06078212,0.047613535,0.05419783,0.321606,0.30574787,0.28949326,0.5457645,0.50013036,1.1363807,0.2535898,0.017215323,disgust
0.6013654,0.031029891,0.0997796,0.060269892,0.068194635,0.06423226,0.40187624,0.29080626,0.29722646,0.5192644,0.52447426,1.2634821,0.32413253,0.060427632,disgust
0.52060056,0.0015964627,0.00551138,0.02665669,0.020946728,0.023801709,0.14193799,0.2927339,0.29596978,0.49176642,0.51500636,1.1636151,0.28277785,0.07746208,disgust
0.49157038,0.001738197,0.006497546,0.026628517,0.04821017,0.037419345,0.22991808,0.30484605,0.29824927,0.5076083,0.5107218,1.1584158,0.2641187,0.008115888,disgust
0.5349946,0.02556895,0.09195801,0.083410315,0.08765942,0.08553487,0.53699887,0.29536244,0.27494466,0.5398392,0.49545744,1.24539,0.32252574,0.015053476,disgust
0.4931885,0.0037920251,0.0144968815,0.027853891,0.04804382,0.037948854,0.24086882,0.3034285,0.29947567,0.5058291,0.5102774,1.1749218,0.26537505,0.0083361855,disgust
0.5096407,0.0020084735,0.0074970005,0.052380208,0.03934859,0.0458644,0.2944764,0.29332545,0.29461446,0.5065098,0.49435055,1.1771549,0.23289847,0.0060989163,disgust
0.44762027,0.001799416,0.007173447,0.025519209,0.02480339,0.0251613,0.14966844,0.29006842,0.31737795,0.4594299,0.5084962,1.0834842,0.22630149,0.015879897,disgust
0.53199804,0.027673088,0.101711966,0.0534931,0.049877647,0.051685374,0.32844475,0.3250201,0.30792376,0.54019606,0.5032692,1.1950043,0.21051721,0.010365462,disgust
0.6176639,0.102539085,0.3219473,0.034298223,0.030912831,0.032605525,0.21986087,0.2770053,0.2895986,0.47893348,0.5343647,1.2552266,0.32293946,0.013711911,disgust
0.5274375,0.0024275447,0.008583132,0.035490658,0.031792473,0.03364157,0.21683292,0.30491006,0.27808586,0.5437419,0.49915516,1.199712,0.27205202,0.021593526,disgust
0.6032452,0.060988095,0.18998396,0.06288437,0.06633096,0.06460766,0.39564884,0.2935035,0.29626682,0.5222545,0.51903296,1.2689315,0.31573275,0.053918067,disgust
0.5293098,0.0023758165,0.00848033,0.026527237,0.04654861,0.036537923,0.22851354,0.29922897,0.30823871,0.5156769,0.5393999,1.223166,0.30386153,0.020818343,disgust
0.5539127,0.0012817221,0.004531793,0.05758464,0.06095294,0.05926879,0.37942868,0.28621843,0.2869391,0.52500117,0.5013797,1.226124,0.27473184,0.022982802,disgust
0.666519,0.031966653,0.088609874,0.045877196,0.03250252,0.039189856,0.24459289,0.27864712,0.29505855,0.5050016,0.51227665,1.2156341,0.2558533,0.11603416,disgust
0.53746784,0.0039890846,0.013887753,0.031500425,0.06282004,0.047160234,0.28988734,0.3124139,0.2801231,0.52474695,0.48557767,1.222782,0.21860084,0.022937316,disgust
0.56772655,0.0019545192,0.0066749966,0.051772863,0.06520124,0.058487047,0.36469638,0.28355336,0.29442698,0.5075817,0.530399,1.2324401,0.28781736,0.0060014827,disgust
0.5080987,0.0020197236,0.0071343165,0.06516398,0.06283607,0.064000025,0.37127438,0.30110326,0.28670654,0.50913864,0.49783164,1.2178171,0.31239325,0.029907223,disgust
0.5259595,0.0011894144,0.0043772263,0.04883745,0.072523996,0.060680725,0.39237064,0.28167337,0.26956323,0.5225645,0.49275643,1.1691345,0.23056456,0.0031606113,disgust
0.58064604,0.008975599,0.029793818,0.07311976,0.07991561,0.076517686,0.47175694,0.29448488,0.28143272,0.51241636,0.5193735,1.2384272,0.30300614,0.012001366,disgust
0.46427307,0.008064001,0.034651704,0.040122844,0.03527148,0.037697162,0.24235587,0.2876048,0.28917235,0.5152891,0.50726146,1.2455499,0.27481973,0.01577227,disgust
0.5660472,0.016161079,0.056313988,0.069460995,0.076064594,0.072762795,0.4598043,0.29375055,0.2803241,0.51255494,0.51960856,1.2531776,0.30461589,0.040435623,disgust
0.54092485,0.029161964,0.10730657,0.054799832,0.050739758,0.05276979,0.34515968,0.33008862,0.30282506,0.5451215,0.49907282,1.2089245,0.21941327,0.035395764,disgust
0.6358311,0.018254122,0.058713507,0.11241879,0.088019006,0.10021891,0.6429302,0.3071676,0.31158286,0.54570127,0.5255959,1.3095685,0.23445575,0.043691427,disgust
0.47254762,0.0028729495,0.011223594,0.08659972,0.06083958,0.07371965,0.4617923,0.27417466,0.28214872,0.48060113,0.46220034,1.1482943,0.19099297,0.025172846,disgust
0.4922006,0.00283579,0.011242086,0.085123025,0.08962174,0.087372385,0.5456773,0.26368374,0.28878653,0.4779094,0.53139395,1.2345116,0.2630651,0.031238947,disgust
0.55006707,0.012238682,0.04005385,0.08024699,0.086214356,0.08323067,0.47934404,0.2781998,0.28878936,0.4886706,0.50539017,1.2223797,0.26412508,0.0021864874,disgust
0.5259219,0.001480135,0.005018588,0.023236437,0.022323523,0.022779979,0.13581465,0.29200456,0.29225856,0.49135175,0.51403886,1.1662592,0.2872509,0.07786594,disgust
0.4959518,0.0035171392,0.014388117,0.047826976,0.032065436,0.03994621,0.28560317,0.28467426,0.2812646,0.5069352,0.49931753,1.2562337,0.32298744,0.040980317,disgust
0.49924138,0.007577263,0.028711619,0.09030133,0.08359187,0.0869466,0.5402237,0.27084026,0.2880771,0.4901025,0.5195274,1.250001,0.2840155,0.035274535,disgust
0.62060875,0.13937594,0.43691254,0.022147918,0.030654531,0.026401225,0.17722318,0.2783813,0.2921568,0.47388756,0.5375028,1.2627636,0.33293664,0.011608582,disgust
0.5112049,0.05882962,0.20746507,0.0463885,0.045612916,0.046000708,0.2761104,0.27515006,0.2771226,0.49548566,0.5016029,1.1525552,0.2851483,0.017250676,disgust
0.53104776,0.001425055,0.00487846,0.019519309,0.049073916,0.03429661,0.21227987,0.28763133,0.27311376,0.5204737,0.514853,1.1634413,0.26105094,0.013644608,disgust
0.50617534,0.0027082711,0.010151963,0.08644212,0.070121065,0.07828159,0.50465363,0.28651375,0.29259858,0.49454853,0.47869977,1.1696407,0.2252635,0.013611233,disgust
0.5164468,0.0025561808,0.00926085,0.025766196,0.044944618,0.035355408,0.2296547,0.29861438,0.2709747,0.534617,0.5007329,1.208828,0.27617234,0.023051804,disgust
0.6285817,0.0021701653,0.0064354064,0.034290608,0.056781672,0.045536138,0.28255916,0.2733653,0.29274452,0.49926028,0.51985955,1.246468,0.26833788,0.00017154323,disgust
0.5365499,0.0017678981,0.006050825,0.0316044,0.06262224,0.04711332,0.2847987,0.31101185,0.28012595,0.5219917,0.4859209,1.2261693,0.21955377,0.019778805,disgust
0.5142316,0.0009475462,0.0033242528,0.06286037,0.06052761,0.06169399,0.35957,0.2954883,0.28761306,0.50392497,0.49862456,1.2081167,0.3145092,0.016397847,disgust
0.5300479,0.016168522,0.05679073,0.055673257,0.059608735,0.057640996,0.36015922,0.27719298,0.27748954,0.49494383,0.5209048,1.2261286,0.29335967,0.0022479105,disgust
0.600593,0.0013151944,0.003993871,0.058022633,0.041795764,0.0499092,0.31683728,0.27705953,0.28558382,0.46723086,0.489228,1.1658522,0.3046328,0.026627742,disgust
0.48544744,0.0038486172,0.015870433,0.034696687,0.07620392,0.0554503,0.36952877,0.29798955,0.28250676,0.5234203,0.50977397,1.2461175,0.25427786,0.0036071208,disgust
0.6702762,0.020595502,0.05674539,0.054888524,0.0402331,0.047560815,0.29900354,0.27440608,0.2910256,0.5025269,0.5096097,1.216011,0.25368562,0.11188361,disgust
0.5141184,0.024676234,0.085337654,0.04259366,0.056634896,0.04961428,0.2933222,0.29672906,0.27984893,0.5137011,0.5090474,1.258534,0.29842728,0.013650526,disgust
0.52087647,0.012876088,0.04386567,0.050831303,0.048277427,0.049554363,0.29241616,0.3086216,0.2874915,0.54442155,0.49363145,1.1335539,0.2587167,0.0275134,disgust
0.5161427,0.0024304267,0.008750094,0.02923414,0.035207257,0.0322207,0.2079441,0.29893857,0.27517796,0.53651315,0.5016324,1.203043,0.27738276,0.017272197,disgust
0.5248325,0.06794287,0.23679048,0.03047169,0.058368348,0.044420015,0.2758708,0.28809863,0.2887886,0.5101322,0.5147896,1.1719449,0.24963649,0.009253751,disgust
0.52240366,0.03381334,0.11276954,0.04469007,0.033514887,0.03910248,0.22692446,0.29521912,0.26563025,0.5198389,0.49244076,1.2050692,0.24229322,0.030329386,disgust
0.55608493,0.001139281,0.004008161,0.05244491,0.05974414,0.05609452,0.3564657,0.28856337,0.2933133,0.52720714,0.50779825,1.218872,0.26895747,0.017282119,disgust
0.49361047,0.0070481496,0.02619323,0.09206304,0.08880324,0.090433136,0.5406838,0.27404737,0.28656825,0.4882882,0.51960635,1.2205733,0.28362644,0.030080047,disgust
0.5847575,0.02843931,0.09521068,0.06968728,0.07233914,0.07101321,0.4456805,0.30573893,0.29044816,0.5385305,0.5198692,1.2398455,0.29136685,0.01590566,disgust
0.5719542,0.0012144789,0.003734894,0.031270668,0.05321029,0.042240478,0.25358143,0.27813187,0.27621585,0.5127393,0.5088571,1.2304485,0.2800332,0.0016110912,disgust
0.4658567,0.0017696368,0.007508106,0.051952697,0.058312606,0.055132654,0.3520552,0.27943754,0.2782844,0.5133443,0.50332606,1.232052,0.26339084,0.00606625,disgust
0.5337495,0.0020345221,0.0069595445,0.05651649,0.059159823,0.057838157,0.3548274,0.27420706,0.27984548,0.49889335,0.52685696,1.2300266,0.3068271,0.0021466166,disgust
0.5392738,0.016245453,0.054937426,0.081531346,0.086041614,0.08378648,0.4901647,0.28039178,0.2898273,0.495127,0.5034603,1.2497851,0.2762967,0.0015241838,disgust
0.65412736,0.001785424,0.0050789635,0.041578963,0.054078814,0.04782889,0.2907844,0.27594826,0.2898827,0.5012954,0.5198975,1.2662545,0.2527541,0.0038949973,disgust
0.5132073,0.01348455,0.046301175,0.04299787,0.054633025,0.048815448,0.28794107,0.29209623,0.27453458,0.5167909,0.4981793,1.2575841,0.29131943,0.024191646,disgust
0.4801017,0.0019647286,0.0076530916,0.03126239,0.049055606,0.040159,0.25088966,0.30109456,0.30577427,0.5060674,0.51412994,1.1541458,0.2574547,0.0075034546,disgust
0.54687786,0.08440807,0.29098618,0.038669217,0.061856303,0.05026276,0.31491926,0.29335773,0.28736827,0.5113494,0.48493528,1.2221422,0.28619805,0.009929916,disgust
0.5271228,0.001921841,0.0070949905,0.07414375,0.0842001,0.079171926,0.49600106,0.28324106,0.270696,0.5246881,0.48796195,1.2798674,0.2961459,0.016844586,disgust
0.44582933,0.0025816355,0.010173261,0.018230123,0.018327028,0.018278575,0.10596144,0.29779541,0.32711068,0.4572774,0.50485885,1.0774157,0.22521392,0.018411491,disgust
0.5828861,0.0011264345,0.0034764698,0.058055393,0.04707177,0.05256358,0.32572922,0.27910128,0.28249,0.4666133,0.4870015,1.154139,0.30768305,0.023265013,disgust
0.600434,0.003998496,0.011936004,0.09418996,0.09393082,0.09406039,0.55861074,0.25830597,0.26485184,0.4740255,0.4777307,1.1587633,0.28452405,0.010558392,disgust
0.5782488,0.050647706,0.1796143,0.04903414,0.077675276,0.06335471,0.43390125,0.29102275,0.313658,0.49766243,0.53355247,1.301234,0.31287238,0.033845466,disgust
0.5117904,0.035575822,0.14170595,0.054104466,0.03063481,0.042369638,0.29846385,0.2860973,0.28913906,0.51346624,0.5027919,1.2769918,0.32218075,0.039868683,disgust
0.51181483,0.0013402485,0.004729978,0.061813626,0.0645974,0.06320551,0.36580318,0.29939777,0.29182208,0.5083264,0.5016438,1.2123314,0.31092057,0.030732747,disgust
0.47264242,0.0017773581,0.0067882207,0.01463902,0.025683107,0.020161064,0.12245563,0.29431808,0.29247606,0.47068757,0.500206,1.1551405,0.24244857,0.0130508365,disgust
0.57567555,0.0023010364,0.007808373,0.093946114,0.09208059,0.09301335,0.5747262,0.27667663,0.28776184,0.502277,0.5138055,1.2838011,0.31890228,0.052388683,disgust
0.478547,0.0045750546,0.018895328,0.028388543,0.07385288,0.051120713,0.33825365,0.2934556,0.2785999,0.5172997,0.5031232,1.2249593,0.24503933,0.015792854,disgust
0.56020236,0.00296083,0.009867594,0.06161382,0.06656866,0.06409124,0.39266565,0.28344014,0.28559136,0.49462888,0.494337,1.2312024,0.26242453,0.058621492,disgust
0.6136634,0.00908121,0.027048727,0.0690659,0.08082475,0.07494532,0.45294103,0.29595646,0.28965104,0.51075065,0.5106708,1.2399702,0.27940807,0.0058748503,disgust
0.5464576,0.008150976,0.0318793,0.041360695,0.055649977,0.048505336,0.34399503,0.29475263,0.26684695,0.5499851,0.48596594,1.3553091,0.34447387,0.024424857,disgust
0.63904166,0.033788186,0.10687593,0.046963945,0.040317968,0.043640956,0.28360105,0.31341073,0.29874933,0.5335128,0.5151131,1.2373053,0.23989916,0.030693762,disgust
0.48764914,0.0046189395,0.018161569,0.036298428,0.06155616,0.048927292,0.31382036,0.27705964,0.26815528,0.5120992,0.49147955,1.1393425,0.19611377,0.017876234,disgust
0.50563455,0.018730193,0.07387328,0.04874482,0.05516382,0.05195432,0.34998074,0.30759242,0.3102649,0.48944288,0.5138737,1.2834852,0.2781579,0.017023513,disgust
0.5167102,0.029109647,0.10280034,0.058391612,0.055711646,0.05705163,0.35862702,0.28570703,0.29196605,0.5097185,0.5230115,1.1684175,0.2401679,0.0016593079,disgust
0.5186148,0.093554236,0.33187294,0.048414554,0.038819306,0.04361693,0.27231053,0.2786836,0.27547836,0.49820563,0.49939775,1.1635109,0.282488,0.020121885,disgust
0.50463206,0.011298178,0.044721693,0.06375117,0.07580955,0.06978036,0.44766974,0.2888933,0.28006527,0.5099925,0.51230866,1.2794437,0.2531805,0.033602707,disgust
0.5736071,0.0008496168,0.0028782715,0.09232204,0.095796674,0.094059356,0.5926476,0.27469313,0.2799522,0.5036488,0.50716114,1.2817751,0.32379276,0.046747927,disgust
0.56365895,0.0003090046,0.0010486131,0.09247938,0.08816877,0.09032407,0.55143505,0.28013778,0.28641364,0.50615877,0.50980395,1.2607799,0.31084478,0.04206406,disgust
0.5643207,0.005688317,0.020261256,0.056802534,0.060868774,0.058835655,0.3803387,0.29376185,0.2983017,0.533996,0.5114597,1.2355696,0.28076765,0.032047763,disgust
0.5117106,0.017319955,0.06930517,0.04603916,0.02816151,0.037100337,0.26416507,0.2885778,0.28616065,0.5125376,0.50007236,1.2768608,0.31145015,0.041056536,disgust
0.5859231,0.0016328574,0.0054098857,0.049835835,0.06059801,0.05521692,0.35156888,0.28288227,0.2923785,0.50529766,0.52806896,1.2440817,0.29013872,0.0013183728,disgust
0.6333775,0.115216374,0.34284976,0.04055362,0.03290024,0.03672693,0.23604408,0.28836682,0.29235646,0.5062115,0.5144834,1.2465922,0.29506275,0.041350488,disgust
0.65529174,0.049467567,0.15320209,0.034849986,0.0359804,0.03541519,0.23349556,0.30917487,0.30173412,0.52903205,0.51070344,1.2279174,0.22414851,0.020564921,disgust
0.5113089,0.0017577003,0.0066527263,0.077831045,0.08724884,0.082539946,0.5099041,0.27682474,0.2657239,0.5100484,0.48783362,1.2448564,0.27359265,0.011571628,disgust
0.49231252,0.0016930577,0.006642471,0.07933179,0.09384322,0.0865875,0.54862654,0.26434517,0.2802696,0.4782782,0.51992357,1.227284,0.2547246,0.025219342,disgust
0.512611,0.15812878,0.60511845,0.011144599,0.063879475,0.037512038,0.24799667,0.29660672,0.30193955,0.5033741,0.50661737,1.2958214,0.3502238,0.027608393,disgust
0.51681,0.0039478573,0.014170744,0.029082367,0.05910306,0.044092715,0.27063912,0.3152631,0.28142574,0.5232415,0.48124385,1.2219428,0.22176677,0.01673502,disgust
0.4928066,0.0014204627,0.005367676,0.08554119,0.06638306,0.075962126,0.4808113,0.28279877,0.28881288,0.4922216,0.47305652,1.1575458,0.21831481,0.01289951,disgust
0.5397242,0.11343796,0.38948804,0.03142124,0.061164588,0.046292912,0.28436685,0.29653445,0.28702316,0.50925106,0.48494276,1.2166668,0.28642777,0.01660562,disgust
0.49570835,0.0057357606,0.0218847,0.08894689,0.0853328,0.087139845,0.54432636,0.2728866,0.2856827,0.49166772,0.51747406,1.2478915,0.2779086,0.030214362,disgust
0.54229444,0.047159817,0.180017,0.044585984,0.052236114,0.04841105,0.33802098,0.29266167,0.26582158,0.54631084,0.48897707,1.3302988,0.34895164,0.021857696,disgust
0.5532896,0.024883745,0.08781226,0.080701396,0.08477096,0.08273619,0.5250564,0.29341248,0.27255622,0.5386011,0.49553618,1.2715154,0.32809913,0.0049855476,disgust
0.5123981,0.05595977,0.21294425,0.06023758,0.047548432,0.053893004,0.34507003,0.30977765,0.3124074,0.49042436,0.5150659,1.2794809,0.30077863,0.026874384,disgust
0.50219655,0.0129185105,0.046135698,0.046698432,0.05703626,0.051867343,0.31030726,0.28806725,0.27918962,0.5115275,0.5054203,1.2510805,0.28500322,0.024841554,disgust
0.56980747,0.0028047508,0.00930974,0.060501236,0.07184597,0.066173606,0.41913778,0.28128272,0.2848703,0.48877734,0.4972191,1.2593089,0.26826078,0.06763795,disgust
0.50779366,0.010519198,0.041587625,0.077101335,0.0877254,0.08241337,0.5528028,0.27314755,0.2801315,0.49382687,0.52159387,1.2220651,0.23792946,0.033190813,disgust
0.6025626,0.01388647,0.040548142,0.076906815,0.08471394,0.080810376,0.46608815,0.29085085,0.28960556,0.5023761,0.506161,1.2436117,0.28981408,0.003092907,disgust
0.4914725,6.08507e-05,0.00024152189,0.03672584,0.076056,0.056390923,0.36834764,0.29304692,0.2781407,0.52044487,0.5026429,1.226979,0.25252897,0.010373247,disgust
0.60208,0.0069067804,0.022091612,0.06973615,0.066524334,0.06813024,0.4593885,0.27439478,0.2639949,0.5034066,0.48783743,1.3154265,0.31725517,0.017851459,disgust
0.6582561,0.002224123,0.00624704,0.038654152,0.054063976,0.046359062,0.2817437,0.27460867,0.2920177,0.50184786,0.52228737,1.261004,0.24900898,0.0031182915,disgust
0.5532258,0.021631774,0.07686973,0.07611612,0.07234637,0.074231245,0.48496866,0.29275483,0.2792562,0.5222945,0.4970501,1.2522558,0.29472843,0.0074941404,disgust
0.5299036,0.007217476,0.025882224,0.08216438,0.08084528,0.08150483,0.5021192,0.2925729,0.2712579,0.5343221,0.4941232,1.2351342,0.32864046,0.02401439,disgust
0.6117138,0.005803735,0.018259225,0.07134165,0.07238789,0.07186477,0.48276258,0.2705331,0.26588598,0.50270784,0.4885379,1.3337086,0.31577638,0.017320076,disgust
0.58912027,0.039399233,0.13612936,0.07670174,0.07478977,0.075745754,0.498066,0.2954801,0.28450555,0.5305102,0.51704,1.2606697,0.29940435,0.019297196,disgust
0.5076956,0.0024444044,0.008628034,0.02529701,0.0276858,0.026491405,0.16078322,0.29888642,0.2832814,0.478362,0.518133,1.2007679,0.21744913,0.005168678,disgust
0.5233374,0.033908702,0.12969582,0.06072759,0.04849106,0.054609325,0.36372748,0.3056048,0.32114145,0.49139127,0.5255008,1.2995213,0.28809035,0.02521005,disgust
0.5404462,0.09980159,0.3426252,0.027100312,0.05799592,0.042548113,0.2628933,0.29591146,0.28404313,0.5092623,0.48286653,1.2265722,0.2917464,0.012942128,disgust
0.5880681,0.0036483717,0.012165912,0.0757978,0.08526046,0.08052912,0.49665642,0.29684106,0.28652242,0.5121542,0.5221791,1.2529604,0.31324974,0.008771788,disgust
0.5329046,0.01705855,0.05995262,0.05627393,0.05429128,0.055282608,0.34459692,0.27993518,0.27799895,0.4977208,0.5221455,1.2127495,0.29586944,0.0017154824,disgust
0.54556173,0.0049890764,0.019648327,0.04553884,0.05093577,0.048237305,0.34808668,0.2935942,0.26530042,0.5512019,0.48907906,1.357752,0.34109214,0.029439887,disgust
0.53962344,0.017720614,0.057761572,0.05918658,0.053462822,0.0563247,0.32821217,0.30527237,0.28936923,0.54262584,0.49707326,1.1350071,0.2600007,0.02134706,disgust
0.5957607,0.003495704,0.010573674,0.09245019,0.093932845,0.09319151,0.5488571,0.26691365,0.2703183,0.48099723,0.4784072,1.1879623,0.31342888,0.011209733,disgust
0.47345865,0.0018602109,0.0069889072,0.027081769,0.023803497,0.025442634,0.15099047,0.2904895,0.29345402,0.46589357,0.4971407,1.1605921,0.2426265,0.012463949,disgust
0.5688519,0.045983285,0.16683772,0.041978616,0.077745005,0.05986181,0.41996884,0.28806397,0.306993,0.49362487,0.52667004,1.302014,0.30891538,0.026808852,disgust
0.52267087,0.0013920083,0.004693468,0.026089802,0.020685287,0.023387544,0.13707642,0.29339075,0.2944737,0.49088868,0.5128894,1.1731291,0.29456127,0.07697909,disgust
0.64484173,0.03452667,0.109923266,0.11305118,0.08694652,0.099998854,0.6432311,0.30954218,0.31161672,0.54989374,0.52143157,1.3042573,0.23072766,0.060411114,disgust
0.6018194,0.01458076,0.045462288,0.05795854,0.0672765,0.06261752,0.39882538,0.31031182,0.26809108,0.5285391,0.45799094,1.2012502,0.28116497,0.09958069,disgust
0.5587642,0.014689347,0.047725167,0.090905264,0.06676893,0.0788371,0.48665738,0.2774686,0.26535082,0.49316683,0.5040682,1.2756579,0.30192477,0.0017565232,disgust
0.5052053,0.12823631,0.48303345,0.009084577,0.066205464,0.03764502,0.24318276,0.29340333,0.29897982,0.5014032,0.500355,1.2857505,0.32522705,0.024491802,disgust
0.5384493,0.026598824,0.0980587,0.05377079,0.055825952,0.054798376,0.35822445,0.32528707,0.30482537,0.5434238,0.4968369,1.2193758,0.22128357,0.03768506,disgust
0.5369505,0.0015744591,0.0057187867,0.069027945,0.08557539,0.07730166,0.49174616,0.28075215,0.28006527,0.5242546,0.5039444,1.201289,0.24703385,0.0030153778,disgust
0.60091925,0.004484284,0.014356767,0.07187141,0.069247335,0.070559375,0.47505507,0.27584237,0.26587462,0.5041056,0.48885563,1.3124456,0.32314527,0.014515077,disgust
0.5158784,0.13813479,0.5166005,0.014580801,0.065718144,0.040149473,0.25721407,0.30038866,0.29826728,0.5029599,0.49933124,1.285169,0.3379655,0.02340618,disgust
0.5754536,0.001280521,0.0040160627,0.057467677,0.040203556,0.048835617,0.30349064,0.2795883,0.28346026,0.47109434,0.48678643,1.144853,0.30015334,0.022899078,disgust
0.52738893,0.03618642,0.124265544,0.036275093,0.05873757,0.04750633,0.2919689,0.28673995,0.29206058,0.510742,0.5182734,1.1793405,0.24770036,0.009686244,disgust
0.65041375,0.052538283,0.16417634,0.042728968,0.033757165,0.038243067,0.24900657,0.30983016,0.29991835,0.52665275,0.5136016,1.2253995,0.22295976,0.021154238,disgust
0.52027833,0.037406053,0.12553498,0.044507507,0.029667448,0.037087478,0.21725482,0.29754964,0.23845768,0.5199586,0.4758547,1.2050126,0.24321446,0.024738895,disgust
0.5165487,0.0062541813,0.023302056,0.045137864,0.046931393,0.046034627,0.30058223,0.2966878,0.2921614,0.5073787,0.4941162,1.1793442,0.2318145,0.0048993244,disgust
0.56346273,0.020600567,0.07106253,0.06408221,0.04491971,0.054500964,0.35659823,0.2981687,0.29490384,0.49850774,0.5099436,1.2980677,0.33417013,0.055009797,disgust
0.46414068,0.0013475271,0.0057397867,0.05262295,0.052593052,0.052608002,0.33611673,0.28098312,0.28035408,0.5129393,0.50499785,1.2296576,0.26193538,0.0041141203,disgust
0.5767487,0.013653756,0.04580326,0.06422459,0.04994696,0.057085775,0.37109596,0.29710892,0.29179412,0.5022208,0.5096164,1.3000534,0.33370775,0.058295313,disgust
0.582543,0.0030138846,0.010193447,0.050039846,0.0654458,0.057742827,0.36762032,0.2810444,0.29172072,0.50529873,0.5285138,1.2474066,0.29217395,0.00981043,disgust
0.63133264,0.123255044,0.36407793,0.042311635,0.0313561,0.036833867,0.23244889,0.28839028,0.2951702,0.5034219,0.51583534,1.2480599,0.29814252,0.03698718,disgust
0.62253976,0.036514074,0.1064202,0.040137406,0.07203021,0.056083806,0.34170932,0.3150168,0.2705946,0.5256088,0.45664847,1.2184525,0.27950528,0.10689692,disgust
0.54736793,0.0049806735,0.017749265,0.0724535,0.068742074,0.07059779,0.4572223,0.29672927,0.27785265,0.52996737,0.4915218,1.2510378,0.29562038,0.00977496,disgust
0.43743673,0.0036485908,0.014657461,0.013534765,0.01967682,0.016605793,0.09497287,0.30830938,0.33258945,0.4562996,0.5011117,1.0697175,0.22962764,0.018000634,disgust
0.51360464,0.0027350425,0.010639698,0.08796489,0.09019103,0.08907796,0.59322417,0.2780709,0.28470197,0.5001086,0.5229688,1.2341846,0.24082622,0.042236045,disgust
0.5829542,0.00015565935,0.000480353,0.038485203,0.05559267,0.04703894,0.28716558,0.27945015,0.27557772,0.51566184,0.51444376,1.2541113,0.28468072,0.0018857884,disgust
0.5649521,0.009725222,0.030805977,0.09702486,0.067724206,0.08237453,0.49798903,0.2755381,0.26581484,0.48670122,0.5086383,1.2568606,0.2957487,0.0022021325,disgust
0.49269503,0.0051847864,0.020126248,0.052755013,0.034036815,0.043395914,0.2800433,0.29451796,0.29647005,0.507971,0.49259135,1.1761183,0.2345541,0.009474486,disgust
0.6142744,0.003787107,0.011224415,0.08950136,0.096646786,0.09307407,0.5692603,0.26637563,0.27246627,0.47949383,0.4805377,1.1848204,0.30164292,0.017023906,disgust
0.52146655,0.009570205,0.033221006,0.023958148,0.030770779,0.027364463,0.16962045,0.3006005,0.2839866,0.4861101,0.5247504,1.2057232,0.22510307,0.002109447,disgust
0.5252118,0.13001467,0.4497265,0.047989193,0.052866586,0.050427888,0.31058764,0.2764132,0.27101898,0.49699643,0.49719957,1.1641531,0.28666577,0.02719797,disgust
0.48110008,0.021961749,0.09045895,0.066463985,0.072765134,0.06961456,0.4448838,0.2986071,0.27532348,0.5230416,0.5050889,1.2456275,0.24249211,0.09836157,disgust
0.52849364,0.003770217,0.013640563,0.05145657,0.05675535,0.054105956,0.36034083,0.28898993,0.2763119,0.5068771,0.5155048,1.1533964,0.293153,0.07252166,disgust
0.56293565,0.0019477274,0.0067718984,0.06567608,0.07430492,0.0699905,0.4434869,0.29763797,0.27378017,0.533677,0.5077393,1.2112485,0.285679,0.08309144,disgust
0.5661103,0.0993334,0.34032053,0.023531003,0.029391373,0.026461188,0.17682953,0.29523048,0.2745684,0.53602386,0.4754582,1.2248195,0.31213942,0.011408681,disgust
0.502194,0.0035674772,0.012774794,0.054703556,0.048940077,0.051821817,0.3152995,0.28231344,0.33117902,0.5028095,0.5535271,1.1241703,0.2512387,0.07376512,disgust
0.4694945,0.0032235302,0.012498666,0.03760348,0.051358894,0.044481184,0.27655065,0.28775853,0.29312152,0.49632114,0.5009939,1.1092707,0.2602088,0.018014964,disgust
0.5619257,0.15142125,0.50744224,0.02258653,0.05130528,0.0369459,0.24877287,0.2909436,0.2575593,0.5259984,0.4664914,1.1700511,0.37231287,0.073718004,disgust
0.5094207,0.0016695607,0.0060604387,0.035997525,0.053259585,0.044628553,0.28758347,0.2791355,0.27225935,0.5205604,0.50223523,1.1346915,0.24707909,0.046319485,disgust
0.5000058,0.030043034,0.10924938,0.05769107,0.054010097,0.055850584,0.34764922,0.27338183,0.26871312,0.49590248,0.5068261,1.1581488,0.30937785,0.09982964,disgust
0.5471681,0.00033036413,0.0011091925,0.02925324,0.05578545,0.042519346,0.2633159,0.28495616,0.2755157,0.5179664,0.5130046,1.151585,0.27179825,0.1118799,disgust
0.5306614,0.00085309567,0.0029737796,0.08005596,0.08187588,0.08096592,0.5248948,0.2751905,0.25545818,0.49978727,0.5022481,1.1766918,0.2901798,0.0023783757,disgust
0.49442157,0.021395849,0.08415181,0.05630187,0.038970564,0.047636215,0.29844958,0.3058863,0.3182513,0.5028253,0.5221004,1.1740612,0.23939307,0.112103954,disgust
0.5257831,0.1884975,0.6582222,0.038693875,0.048450977,0.043572426,0.26028958,0.30282593,0.2844161,0.49412802,0.4930121,1.1971107,0.31082132,0.11544959,disgust
0.5057342,0.004592041,0.017492246,0.0692079,0.06485627,0.067032084,0.43900186,0.27422455,0.27698532,0.5075601,0.5151906,1.1873916,0.23835614,0.06476804,disgust
0.51745456,0.036662534,0.14095262,0.04544531,0.05980435,0.052624833,0.3421788,0.3054709,0.31815648,0.5022808,0.53726757,1.2158934,0.233378,0.010248235,disgust
0.51443815,0.10581341,0.3795056,0.041076235,0.058932073,0.050004154,0.30378565,0.29233858,0.28292057,0.483193,0.504382,1.1283389,0.30073518,0.0047553014,disgust
0.4912805,0.0052852985,0.01954296,0.046427246,0.034750372,0.040588807,0.2529129,0.28654376,0.280393,0.5346865,0.48012796,1.1705283,0.22142163,0.0410184,disgust
0.49765435,0.0073562847,0.02727114,0.08163498,0.086516574,0.08407578,0.53088224,0.27617738,0.2777899,0.46181768,0.48537597,1.1079007,0.26554355,0.018369975,disgust
0.5538106,0.0025041455,0.008465049,0.0685847,0.06390586,0.06624529,0.4202781,0.2890642,0.28279737,0.50407773,0.49813494,1.1965728,0.26396072,0.09397416,disgust
0.4637992,0.0045266836,0.018824644,0.05921724,0.04198635,0.0506018,0.3295577,0.27681357,0.29934222,0.50123143,0.4976564,1.1719064,0.2278588,0.0023315672,disgust
0.52577937,0.01463407,0.054423347,0.0764145,0.0788463,0.0776304,0.49427533,0.28911513,0.27715564,0.5378089,0.50445986,1.2182716,0.32539436,0.016869176,disgust
0.48636907,0.00945451,0.034332924,0.05851512,0.055890944,0.05720303,0.3254684,0.28656358,0.2868013,0.4921686,0.5010193,1.1724951,0.29614544,0.09851954,disgust
0.50312746,0.02861613,0.117881455,0.04504596,0.031189973,0.038117968,0.2738655,0.2663608,0.27768207,0.47084466,0.52818304,1.2867619,0.30408812,0.12806943,disgust
0.50929624,0.0042105713,0.015575186,0.06189113,0.03623275,0.049061943,0.30817446,0.2871016,0.30191156,0.4978299,0.51652735,1.163266,0.23885371,0.033987746,disgust
0.62806696,0.071050644,0.2259483,0.04349696,0.03176781,0.037632383,0.25258535,0.30235106,0.29349127,0.51501745,0.50550914,1.2099714,0.23038527,0.057580553,disgust
0.47802913,0.0010288198,0.0040261843,0.014545097,0.049883503,0.0322143,0.20290828,0.31224528,0.2981611,0.5047419,0.50445616,1.1344262,0.2714799,0.05100361,disgust
0.5092663,0.0007397363,0.0026166986,0.025633853,0.07650232,0.051068086,0.3115344,0.3252758,0.26880646,0.47280484,0.4773815,1.1443014,0.22280079,0.08900693,disgust
0.58405954,0.048929505,0.1632879,0.07630894,0.082921155,0.07961505,0.5085448,0.27524006,0.2894521,0.4871343,0.51766735,1.2554722,0.2938925,0.16111606,disgust
0.4780694,0.0192873,0.08065477,0.055806894,0.07452124,0.065164074,0.43417186,0.27900726,0.27594528,0.50856507,0.51130533,1.2150338,0.25499842,0.06257702,disgust
0.5226256,0.13927019,0.48872715,0.027273074,0.050262768,0.038767923,0.22789846,0.3036695,0.28991777,0.4923082,0.4931029,1.1926613,0.2850185,0.07464207,disgust
0.5345626,0.0076205716,0.028995086,0.0803335,0.06670094,0.07351722,0.4875293,0.29332504,0.28507498,0.5249698,0.5132987,1.2788028,0.3337006,0.005875022,disgust
0.47535038,0.0016841625,0.0064832717,0.07021363,0.045749836,0.057981737,0.36131632,0.28155202,0.28755888,0.49332517,0.44893503,1.1376476,0.20453165,0.0014107131,disgust
0.5520963,0.004376683,0.015177508,0.0556244,0.050739355,0.053181875,0.33400977,0.2968066,0.29772982,0.53425986,0.51557523,1.2035146,0.3042433,0.09629534,disgust
0.46995518,0.012922501,0.048984803,0.080289215,0.077754796,0.079022005,0.46184045,0.27269602,0.2833366,0.47934118,0.49305913,1.1762333,0.25229245,0.093078844,disgust
0.5369585,0.0038145005,0.014386673,0.071040474,0.06455127,0.06779587,0.4524893,0.30483466,0.29113686,0.5419346,0.5036632,1.2998998,0.33327642,0.03818026,disgust
0.46957004,0.03582789,0.14867097,0.04403381,0.032707367,0.03837059,0.25193253,0.29268506,0.314156,0.46621358,0.51154137,1.2478132,0.27574715,0.07497605,disgust
0.52007055,0.008687642,0.03084323,0.040090803,0.06632819,0.0532095,0.34402728,0.25845665,0.27633643,0.47693026,0.51514095,1.1711407,0.2488374,0.036335096,disgust
0.6266764,0.016428608,0.047443904,0.05245833,0.054574102,0.053516213,0.30961645,0.2744218,0.2987223,0.4960435,0.5233411,1.1583779,0.24719097,0.060375996,disgust
0.50479287,0.04327824,0.169883,0.08987645,0.084946014,0.08741123,0.5745963,0.2890381,0.2783432,0.5310551,0.4929671,1.2378548,0.26969454,0.14486074,disgust
0.51967543,0.027765935,0.11348113,0.06930079,0.057030026,0.06316541,0.46266797,0.2708185,0.29402897,0.5034147,0.55168617,1.3096023,0.3171213,0.094003506,disgust
0.4798717,0.009454907,0.03958252,0.06466163,0.0806432,0.072652414,0.4995128,0.28102505,0.27826455,0.51355267,0.4986906,1.234072,0.24751197,0.11167887,disgust
0.49195364,0.020843605,0.08407444,0.08174127,0.09121922,0.086480245,0.5720069,0.2682831,0.28331497,0.48206106,0.5254729,1.2398282,0.25791174,0.03660848,disgust
0.50450903,0.002150393,0.008132931,0.024044737,0.052108977,0.03807686,0.24477084,0.30545783,0.30090854,0.5031054,0.5084787,1.183639,0.26504457,0.055614255,disgust
0.49785787,0.01156428,0.042689346,0.039385747,0.052877836,0.04613179,0.275569,0.3084147,0.28965724,0.5581258,0.48182932,1.1980399,0.1989985,0.06813682,disgust
0.4690256,0.015812365,0.0619041,0.08052552,0.07690064,0.07871308,0.47985637,0.28250715,0.27177513,0.5219065,0.47977924,1.1689303,0.30387515,0.038903113,disgust
0.5022397,0.014430436,0.05456613,0.062326226,0.061911225,0.062118724,0.3943554,0.29041737,0.29008114,0.5279593,0.49121463,1.2319498,0.30378932,0.04552868,disgust
0.48183188,0.037986763,0.15587153,0.05597202,0.043787394,0.049879707,0.35377625,0.27160016,0.26669273,0.49310607,0.48764673,1.225182,0.3252688,0.09889629,disgust
0.5627298,0.0011214542,0.003918124,0.052923683,0.0628699,0.057896793,0.37321806,0.297752,0.27581924,0.52689296,0.5158328,1.2299267,0.28032178,0.079684,disgust
0.48924348,0.053387787,0.22142732,0.064416386,0.07039782,0.067407094,0.45918795,0.30498397,0.32385787,0.49233547,0.52627873,1.2627642,0.2935696,0.10640352,disgust
0.5810166,0.002571815,0.00796198,0.059815276,0.044564415,0.052189842,0.32529807,0.27750176,0.27695644,0.46348217,0.479723,1.1334248,0.28859267,0.039334875,disgust
0.470133,0.013391299,0.05132552,0.08061206,0.06082782,0.07071994,0.44238946,0.26963156,0.28529286,0.4853926,0.5186224,1.1605326,0.28109756,0.09465527,disgust
0.50175834,0.015437481,0.05690959,0.08981049,0.080229074,0.08501978,0.5236921,0.26758415,0.28197864,0.48613292,0.51352924,1.2267208,0.3095581,0.14246197,disgust
0.5187066,0.025633255,0.09521159,0.05892001,0.06738765,0.063153826,0.4074057,0.30254874,0.26953834,0.53010595,0.48689836,1.2196271,0.29795218,0.005471621,disgust
0.51459074,0.018138934,0.074367285,0.03337597,0.051565073,0.042470522,0.29972,0.2713658,0.28610978,0.4900121,0.5373334,1.3097126,0.32881424,0.0075876084,disgust
0.45044503,0.0032136503,0.013039181,0.044084534,0.02129011,0.03268732,0.19620737,0.29845008,0.29179382,0.49625295,0.49875006,1.119656,0.27348405,0.026241722,disgust
0.50881076,0.0069417497,0.026007442,0.062651746,0.04963206,0.0561419,0.34713066,0.30258507,0.30155963,0.51266176,0.5132364,1.2518384,0.22923711,0.04248175,disgust
0.49709,0.09305354,0.3601985,0.061773546,0.049362466,0.055568002,0.3543841,0.30705306,0.27967557,0.5187169,0.49338853,1.2595274,0.2957114,0.04897369,disgust
0.4731181,0.007151777,0.03038078,0.053179827,0.05859205,0.055885937,0.36067656,0.28264657,0.29350862,0.5007486,0.5310026,1.2680924,0.27264056,0.0716652,disgust
0.54884005,0.002139529,0.007001869,0.05245999,0.055421643,0.053940814,0.34225368,0.28096685,0.26920927,0.52906483,0.4973814,1.1477875,0.28680146,0.07876458,disgust
0.53419876,0.02436749,0.08915372,0.06573294,0.04499732,0.05536513,0.36520794,0.27848357,0.2941368,0.5192117,0.49840882,1.2197776,0.30900303,0.119092606,disgust
0.5891591,0.000948843,0.0029118834,0.039565198,0.06521887,0.052392036,0.3111255,0.28106824,0.28937402,0.49904677,0.516626,1.1571884,0.26956564,3.1899603e-05,disgust
0.5990534,0.054418385,0.18409944,0.06346417,0.071766995,0.06761558,0.43900454,0.29560262,0.28530723,0.53267676,0.51092255,1.2531347,0.29207706,0.087865956,disgust
0.48846394,0.010200083,0.041791342,0.037054114,0.03353086,0.035292488,0.24984208,0.27830777,0.2798293,0.49379474,0.48755503,1.2275834,0.30818516,0.079193674,disgust
0.5520808,0.0069629103,0.023962913,0.06038561,0.068380915,0.06438326,0.41789246,0.29967263,0.2918915,0.5025004,0.49712387,1.2174425,0.2725337,0.05689771,disgust
0.57146335,0.003973937,0.012529424,0.07236545,0.05507394,0.0637197,0.38461065,0.27230576,0.2898105,0.48830855,0.50369346,1.1952574,0.2556015,0.034178354,disgust
0.44274548,0.002372697,0.009619898,0.02436718,0.029917078,0.027142128,0.16560417,0.29774413,0.30005035,0.46696395,0.5041306,1.1394824,0.2419496,0.10461742,disgust
0.6129079,0.048611436,0.15707439,0.022961566,0.037108846,0.030035207,0.1939045,0.29349563,0.29754138,0.49714646,0.49807057,1.1563786,0.20586585,0.10471123,disgust
0.5611124,0.0009093572,0.002953553,0.06694159,0.053442005,0.0601918,0.3669507,0.28306168,0.272513,0.46386713,0.4798721,1.1611216,0.31624156,0.15727212,disgust
0.5939118,0.004605377,0.015115942,0.06843448,0.064054675,0.06624458,0.42959478,0.2758962,0.2869109,0.5089644,0.50629866,1.2850527,0.3311679,0.023323888,disgust
0.45142084,0.002439911,0.010557008,0.074649766,0.05483789,0.06474383,0.45274663,0.27253944,0.2764409,0.5066677,0.5047713,1.2267984,0.25146073,0.019014422,disgust
0.5121181,0.050121292,0.21017307,0.035065763,0.026280193,0.030672979,0.22244176,0.29100722,0.27453437,0.5437627,0.490062,1.3200773,0.3313048,0.11961963,disgust
0.5594329,0.0007867057,0.0029911497,0.10006037,0.09372575,0.096893065,0.66195476,0.3200297,0.26987064,0.52138513,0.50200075,1.3289804,0.29653323,0.01961917,sadness
0.5130838,0.0029130052,0.010709567,0.10972779,0.09832184,0.10402481,0.6325769,0.28878006,0.28452474,0.52844673,0.49240047,1.2560298,0.32682624,0.008083611,sadness
0.54606146,0.004164821,0.014998894,0.109649,0.10246305,0.10605603,0.687355,0.27617115,0.29121444,0.49172798,0.48023108,1.2910926,0.34409356,0.005825624,sadness
0.51583576,0.0019613113,0.00793002,0.08818247,0.1035552,0.09586883,0.62358075,0.29809025,0.27905253,0.541795,0.48115665,1.3388615,0.36149693,0.0005932278,sadness
0.5898569,0.0012137332,0.0037843487,0.058784056,0.07213404,0.06545904,0.40377948,0.32502565,0.3017997,0.50207055,0.49407688,1.2226121,0.3202359,0.007772937,sadness
0.48854983,0.0023174474,0.009087733,0.012129522,0.011157931,0.011643727,0.073893435,0.32077366,0.30976543,0.5157172,0.47750098,1.2288828,0.27864924,0.0035149495,sadness
0.5240301,0.0017615196,0.0068465453,0.10089924,0.09383918,0.09736922,0.65172756,0.28719354,0.28686628,0.5133127,0.51844364,1.2695639,0.26024717,0.017498486,sadness
0.5256663,0.0016716701,0.006341594,0.07994369,0.07541598,0.077679835,0.49655655,0.30683076,0.3045646,0.527968,0.5371218,1.275004,0.27301255,0.011750608,sadness
0.4820928,0.008239111,0.03375547,0.11340083,0.10341563,0.10840823,0.70594543,0.27277493,0.2903269,0.49810025,0.48335445,1.3222333,0.35062015,0.0127783315,sadness
0.53307754,0.0009240182,0.0032857105,0.092888094,0.09293806,0.09291308,0.58587056,0.27921966,0.26955456,0.49775082,0.49202344,1.2938362,0.34336993,0.013945062,sadness
0.5388507,0.0003941104,0.0015330319,0.09656103,0.09346146,0.09501125,0.62148577,0.3242482,0.30688488,0.5254068,0.5310463,1.334427,0.33074817,0.005781485,sadness
0.49003145,0.002773628,0.011579285,0.08944325,0.105866864,0.09765506,0.6257826,0.30010766,0.28138518,0.49952695,0.5151892,1.2888501,0.30872864,0.031318333,sadness
0.52313375,0.00092770276,0.00314451,0.103533365,0.09860874,0.10107105,0.5760515,0.2653462,0.27621245,0.49777722,0.47897243,1.2587879,0.3008746,0.0099441605,sadness
0.49724945,0.00058924383,0.0022540095,0.103235304,0.09730825,0.10027178,0.61270267,0.28897566,0.28555098,0.5246797,0.4949243,1.2483935,0.32662186,0.012617262,sadness
0.5871231,0.0010910743,0.0031769832,0.09614475,0.10225111,0.09919793,0.55664283,0.27364293,0.27155954,0.48458484,0.50138044,1.1350806,0.26421607,0.0025571624,sadness
0.59657466,0.0013056275,0.003763912,0.087401375,0.09138784,0.08939461,0.49785313,0.27160853,0.30632785,0.48438147,0.4989958,1.2367519,0.3202922,0.003939255,sadness
0.5220966,0.0009767333,0.0038911374,0.08689108,0.10655211,0.09672159,0.63249123,0.2948704,0.27600184,0.5418199,0.47843036,1.336276,0.36000234,0.001350333,sadness
0.49072695,0.004324886,0.016988957,0.13140583,0.11369316,0.12254949,0.759014,0.30505782,0.28753743,0.5269446,0.47151035,1.2455857,0.35276833,0.008059774,sadness
0.5377686,0.0003322725,0.0011885504,0.08145078,0.069347896,0.07539934,0.48859927,0.2706423,0.28368232,0.48906443,0.501083,1.2569219,0.2952317,0.005297953,sadness
0.49141192,0.0009758152,0.004041329,0.087314904,0.105916254,0.09661558,0.61985844,0.2978126,0.2797016,0.4984123,0.51763606,1.2829019,0.30559555,0.03932079,sadness
0.4126021,0.0065091015,0.030691212,0.098191224,0.09546153,0.096826375,0.60515016,0.284172,0.2704012,0.5115945,0.5201563,1.3165085,0.4076088,0.011745196,sadness
0.50599104,0.0029899336,0.011139349,0.07982894,0.0861438,0.08298637,0.5058735,0.29408553,0.28586274,0.5068057,0.5064783,1.1972438,0.26792055,0.007984393,sadness
0.54058254,0.005670245,0.020864246,0.11171237,0.09980791,0.10576014,0.6960976,0.2735271,0.29312775,0.4894122,0.48336318,1.2893393,0.34736466,0.0072570466,sadness
0.4879045,0.005531368,0.021668272,0.006608515,0.010655752,0.008632134,0.054918323,0.3235474,0.31433073,0.5149126,0.4805464,1.2306819,0.28483102,0.00056482624,sadness
0.5109973,0.0016346545,0.006137509,0.061674714,0.052620973,0.057147846,0.37258342,0.28018028,0.29430544,0.483144,0.50120306,1.2322143,0.27649984,0.007835924,sadness
0.51510465,0.0014988077,0.00503319,0.10175186,0.09901611,0.10038398,0.552743,0.2682062,0.27421746,0.49916604,0.47647858,1.2465558,0.29231742,0.015127381,sadness
0.5378775,0.001072295,0.0040783323,0.08901742,0.077580795,0.08329911,0.54956436,0.30458203,0.30627233,0.52741283,0.5406574,1.2936562,0.27165863,0.015107435,sadness
0.58827883,0.00089693576,0.002597557,0.095020816,0.101826385,0.0984236,0.5496015,0.27411145,0.27434987,0.48360392,0.5026378,1.1280081,0.26274073,0.0064814584,sadness
0.48728392,0.031216137,0.121250264,0.10201974,0.097926214,0.09997298,0.6151408,0.28838134,0.2803646,0.5137678,0.49598497,1.2076184,0.31143197,0.0011007374,sadness
0.54275596,0.010295528,0.032775603,0.068299785,0.077664256,0.07298202,0.42453063,0.2907149,0.30125087,0.49665472,0.5262637,1.2013316,0.28057778,0.018035322,sadness
0.5636607,0.0028059126,0.010085949,0.0839764,0.07548305,0.07972972,0.5234239,0.3077264,0.30679816,0.529147,0.53912926,1.2948428,0.29061237,0.0073634204,sadness
0.50056154,0.0010954746,0.0044576623,0.09885861,0.10891514,0.10388687,0.68451554,0.28562665,0.29800603,0.51166725,0.48898953,1.2236527,0.27061114,0.0055588684,sadness
0.5012443,0.0030247425,0.01144526,0.09713522,0.08146841,0.089301825,0.5571894,0.28942093,0.3000018,0.48183012,0.49973547,1.2645415,0.2936335,0.08351924,sadness
0.54090583,0.0033856598,0.012838683,0.10225863,0.10127548,0.10176705,0.6731581,0.2971684,0.27778456,0.5104178,0.5081106,1.2827389,0.30788982,0.02877963,sadness
0.5077256,0.00092123693,0.0034016683,0.10210528,0.09861935,0.100362316,0.6037425,0.29250994,0.2826513,0.528772,0.49106708,1.2621725,0.32595947,0.010208206,sadness
0.6112758,0.0017401925,0.005319671,0.09367551,0.113782816,0.103729166,0.60906327,0.28464195,0.2597397,0.50020784,0.46983385,1.289409,0.31141546,0.017992167,sadness
0.5930565,0.0015679543,0.0045593083,0.085757926,0.09155875,0.08865834,0.49553564,0.2740567,0.3069487,0.4850523,0.50210196,1.2412255,0.32028133,0.0044895806,sadness
0.6059373,0.00044075554,0.0013072401,0.08135296,0.078854695,0.08010382,0.48101723,0.3116969,0.29509023,0.5090153,0.49422514,1.2450745,0.3147308,0.0052448697,sadness
0.54509735,0.0004004222,0.0012192867,0.07586806,0.07837454,0.0771213,0.44276586,0.24739674,0.25635305,0.47530997,0.49920285,1.1592234,0.28329104,0.013650838,sadness
0.513103,0.0031771134,0.011681197,0.08121555,0.08309633,0.08215595,0.50386405,0.29198968,0.28503034,0.5060705,0.50327075,1.2051578,0.27488288,0.011237436,sadness
0.5383997,0.0003231116,0.0010216257,0.069752134,0.078397855,0.074075,0.4455901,0.23848599,0.25385255,0.47028986,0.49461606,1.1644629,0.28579503,0.006899159,sadness
0.48112637,0.006018223,0.02553687,0.10401707,0.11242326,0.10822017,0.7156131,0.28468624,0.29552454,0.51123166,0.48702943,1.2306542,0.26518846,0.004182468,sadness
0.525562,0.0021417944,0.0077062305,0.091017395,0.08356617,0.08729178,0.5367435,0.29339197,0.29649156,0.48674682,0.4941541,1.2616684,0.2891181,0.08181611,sadness
0.516292,0.0011147044,0.004126494,0.095019296,0.09115215,0.09308572,0.5895651,0.27914208,0.26924238,0.49582872,0.49174893,1.2917861,0.34799445,0.012105101,sadness
0.52386296,0.0021821782,0.0085647525,0.09143912,0.09096456,0.09120184,0.6224056,0.29689342,0.28423592,0.54788244,0.5262355,1.2748419,0.26028305,0.022946712,sadness
0.49035588,0.000656487,0.0027521888,0.10800368,0.10724608,0.10762488,0.7336848,0.28558627,0.3008584,0.5131797,0.48703563,1.2332237,0.2757487,0.0029175817,sadness
0.609221,0.0012971922,0.0038495292,0.09520341,0.11067719,0.1029403,0.57817835,0.29091966,0.26201856,0.5075681,0.4738413,1.3096796,0.32533717,0.022369677,sadness
0.46018803,0.0014551616,0.006413699,0.086516276,0.07688543,0.08170086,0.5501003,0.29715115,0.29070675,0.51820934,0.49704215,1.2952765,0.31358537,0.035511494,sadness
0.5418182,0.00075074425,0.002876312,0.09559446,0.09235186,0.09397316,0.61797607,0.31894568,0.30617648,0.5169126,0.5281744,1.3320398,0.33123058,0.008445894,sadness
0.5069619,0.000684779,0.0028471418,0.09666667,0.092957355,0.09481202,0.63790876,0.31047812,0.30372176,0.514927,0.52787834,1.3262178,0.33889872,0.016611911,sadness
0.5213755,0.008434258,0.033139043,0.10442563,0.10499925,0.104712434,0.68633306,0.29483593,0.27618536,0.51321507,0.50633645,1.2829595,0.31789625,0.033473004,sadness
0.54348665,0.0004199331,0.0014790274,0.08565386,0.07227188,0.07896287,0.5086438,0.26857808,0.27893835,0.490509,0.4950703,1.2432123,0.2877297,0.004186374,sadness
0.5218529,0.00169337,0.0067677,0.081542715,0.07473429,0.0781385,0.549743,0.30127606,0.30042276,0.55234605,0.5300753,1.2920777,0.27230415,0.02649238,sadness
0.48405936,0.0009486302,0.003997646,0.09157663,0.1082531,0.09991486,0.63840336,0.30347025,0.28052804,0.49699086,0.51708966,1.2948722,0.31237888,0.038726866,sadness
0.54544693,0.014983563,0.046636626,0.06947403,0.07993802,0.07470602,0.4230031,0.2874496,0.30344707,0.4946977,0.52764845,1.2013077,0.271941,0.016799483,sadness
0.5225309,0.0014090699,0.0054010893,0.09924421,0.09400266,0.09662343,0.6288624,0.28618923,0.28815,0.5134495,0.52210546,1.2630129,0.26051396,0.019840265,sadness
0.529007,0.00852065,0.033277716,0.10466665,0.099632,0.10214932,0.67608905,0.29669595,0.2803862,0.5095132,0.5092965,1.2974555,0.32044226,0.03322385,sadness
0.5093919,0.0030841345,0.011474417,0.010894963,0.013685545,0.012290253,0.079420306,0.3155434,0.29541796,0.51302797,0.473493,1.2210884,0.28495324,0.010534579,sadness
0.5250488,0.0033702392,0.012089224,0.08153903,0.08402496,0.08278199,0.5059765,0.29547578,0.2831119,0.5096318,0.5049414,1.19957,0.27437338,0.012273665,sadness
0.60137916,8.237573e-05,0.00025184682,0.07626593,0.07865674,0.07746134,0.47633284,0.31689876,0.29855812,0.5078751,0.49682942,1.2254384,0.3261952,0.008106518,sadness
0.50566113,0.022774696,0.077875845,0.06907914,0.07629683,0.072687976,0.4196135,0.29219642,0.30088046,0.4966061,0.5250086,1.2190113,0.28507823,0.0241226,sadness
0.5953774,0.0013635099,0.0039342055,0.08757574,0.09313052,0.09035313,0.5046324,0.2741498,0.3042664,0.4872084,0.4986181,1.23142,0.318764,0.0033513396,sadness
0.6243924,0.0035013983,0.010206368,0.0950396,0.11226856,0.10365408,0.5833822,0.28438786,0.25620854,0.49919668,0.47387856,1.2973733,0.3254745,0.008149265,sadness
0.527019,0.0016843244,0.0061668768,0.100211695,0.08549953,0.09285562,0.5852932,0.28930116,0.29721838,0.4840428,0.49676755,1.2480462,0.27332798,0.07600668,sadness
0.48567656,0.0028952204,0.011212034,0.13347657,0.11844875,0.12596266,0.7556055,0.30520624,0.28321993,0.5278479,0.4656644,1.2474513,0.34464735,0.011235113,sadness
0.4596415,0.0025538069,0.011319119,0.0862974,0.10496333,0.09563036,0.637967,0.2620281,0.2692118,0.4823511,0.5169438,1.270024,0.28144807,0.0070072366,sadness
0.4717303,0.033450156,0.13375159,0.099910796,0.09810115,0.09900597,0.6049707,0.28914824,0.2808199,0.5156681,0.49777886,1.21596,0.3125361,0.0009260735,sadness
0.56390727,0.0024453863,0.00932658,0.09838131,0.09216738,0.095274344,0.6613978,0.31696847,0.27665573,0.51858896,0.50711066,1.3433075,0.2806815,0.0064647743,sadness
0.5461367,0.00059430196,0.002146798,0.101874985,0.0931549,0.09751494,0.6325666,0.28396627,0.28530756,0.51833755,0.5150567,1.2545503,0.2564498,0.0289549,sadness
0.46933144,0.004459479,0.019375945,0.08705512,0.101855464,0.09445529,0.6344474,0.26248965,0.26969326,0.48237115,0.517275,1.2730886,0.28057086,0.002557326,sadness
0.39301085,0.0017971669,0.008980691,0.09067648,0.09445546,0.092565976,0.58707565,0.28483966,0.26967573,0.5130319,0.5176713,1.3100054,0.41020635,0.009104217,sadness
0.5617501,0.0004774945,0.0018065721,0.1004582,0.09142578,0.09594199,0.6541054,0.31738636,0.27041373,0.5198925,0.50376165,1.3362403,0.29364434,0.023042532,sadness
0.5447198,0.00021539653,0.00074068876,0.09111107,0.09235645,0.09173376,0.57178164,0.27937004,0.27136397,0.49761263,0.49392566,1.2872756,0.3416669,0.021445168,sadness
0.5949137,0.0024567565,0.007075153,0.088058904,0.09813104,0.09309497,0.5262813,0.2815901,0.2793725,0.49107525,0.51033974,1.1456239,0.2691087,0.0023805096,sadness
0.47280005,0.002770791,0.01124777,0.12420323,0.123599544,0.12390138,0.76358515,0.31220472,0.28339577,0.53086346,0.46737707,1.2545621,0.3436956,0.0068875025,sadness
0.47070286,0.0018532942,0.008154913,0.08694386,0.084151596,0.08554772,0.58667636,0.2974919,0.28912005,0.51973385,0.49812698,1.3027447,0.31247532,0.03643882,sadness
0.47353348,0.0031396197,0.013385329,0.08695446,0.07594614,0.0814503,0.546781,0.29659623,0.28644153,0.5171128,0.49516025,1.2980483,0.30926272,0.033535358,sadness
0.53449327,0.0021778122,0.00734437,0.10240294,0.09955334,0.100978136,0.58441496,0.26528165,0.27706322,0.49196172,0.48272046,1.2616264,0.30913362,0.011170545,sadness
0.53835505,0.0011927538,0.0046331664,0.091939464,0.1072148,0.09957713,0.6479479,0.29901156,0.27940896,0.54156053,0.4833535,1.3407449,0.35128224,0.006640257,sadness
0.53970724,0.03011288,0.105616376,0.097589545,0.100677244,0.0991334,0.6098737,0.2877045,0.28098974,0.5139164,0.49979684,1.225806,0.31352636,0.003139115,sadness
0.54633546,0.00083666015,0.0025295406,0.066155046,0.07477361,0.07046433,0.40833995,0.24182332,0.25526312,0.46961942,0.49655744,1.1637734,0.29224145,0.013197168,sadness
0.5356705,0.0022736161,0.008771701,0.080580264,0.08137284,0.08097655,0.55993,0.3014777,0.29258433,0.55207443,0.5291644,1.2884451,0.26577064,0.031784452,sadness
0.4642982,0.0038407932,0.016786825,0.08441287,0.10228656,0.093349725,0.62653947,0.2601872,0.26823515,0.48334742,0.51589423,1.2766446,0.28508928,0.0038584892,sadness
0.39938226,0.0054091467,0.025989095,0.09620512,0.096319415,0.09626227,0.5958666,0.27862003,0.27264902,0.5050275,0.5222209,1.313905,0.40393,0.015918566,sadness
0.47252202,0.026525497,0.115354836,0.10789458,0.10751234,0.10770346,0.7095789,0.29031792,0.2937605,0.50523967,0.47316962,1.235602,0.28720933,0.050721735,sadness
0.52615017,0.0065334034,0.023469675,0.10743096,0.08085768,0.094144315,0.6053952,0.27638352,0.28155264,0.49860552,0.5027828,1.2520221,0.34102678,0.07140856,sadness
0.50022244,0.0011386955,0.003784795,0.06708801,0.07852395,0.07280598,0.4235514,0.2429059,0.2604429,0.47352222,0.5026352,1.1116345,0.28280798,0.09706331,sadness
0.49500474,0.0062867817,0.026011486,0.08600252,0.0978362,0.09191936,0.6160565,0.29225165,0.28120062,0.5062782,0.50648427,1.2855105,0.33700445,0.024360016,sadness
0.47843024,0.0033990813,0.013742184,0.05635198,0.08064521,0.0684986,0.44791973,0.29623696,0.28897896,0.49423304,0.4911189,1.2143302,0.28192428,0.043009236,sadness
0.5311275,0.008753205,0.033589933,0.076220356,0.08019215,0.078206256,0.531702,0.28623933,0.29237098,0.519551,0.50005317,1.2743095,0.32117707,0.037632037,sadness
0.48737398,0.001829581,0.0071563115,0.01698432,0.009237205,0.0131107615,0.084152184,0.30654728,0.32559296,0.5009648,0.48961845,1.2235875,0.3008268,0.0072322483,sadness
0.44921112,0.003884652,0.017701149,0.06486275,0.0824546,0.07365868,0.51579756,0.26434314,0.28108093,0.4731897,0.5212877,1.2701206,0.2954081,0.11213894,sadness
0.5136613,0.016622026,0.061984755,0.07211022,0.10063697,0.08637359,0.57016575,0.28239372,0.26988575,0.49128416,0.4807305,1.1746743,0.36982837,0.041964713,sadness
0.46714312,0.0012167463,0.005147061,0.04946714,0.056427952,0.052947544,0.35660928,0.27758107,0.29844967,0.48310778,0.5144284,1.2695671,0.29353422,0.016875573,sadness
0.56563467,0.0018415792,0.006887029,0.08105731,0.09208306,0.08657018,0.6049284,0.2815836,0.29359603,0.5183638,0.4926407,1.2951711,0.2887147,0.024652028,sadness
0.5197129,0.0019869031,0.008375299,0.10354138,0.08309187,0.09331662,0.6985974,0.30855477,0.27400547,0.5198923,0.5032797,1.3322805,0.2830205,0.04721116,sadness
0.502811,0.0071294312,0.029014736,0.10266133,0.094847545,0.09875443,0.66091114,0.29716614,0.28806978,0.53041357,0.49748614,1.2718518,0.31395832,0.123137005,sadness
0.56871456,0.0024022153,0.0076473407,0.03863607,0.039754633,0.039195355,0.23896706,0.32415557,0.30955386,0.490516,0.4803071,1.1725678,0.30107638,0.07243022,sadness
0.50862384,0.004045852,0.016132249,0.08956658,0.07845673,0.08401166,0.56547576,0.2987436,0.28139168,0.51049924,0.513972,1.2586285,0.31461403,0.0012678158,sadness
0.5518812,0.0009175008,0.0028887312,0.093885005,0.101941265,0.09791313,0.5747719,0.28883263,0.27991205,0.49049175,0.51029384,1.0984664,0.27374804,0.007279209,sadness
0.4639077,0.004131845,0.01833944,0.09415881,0.073955655,0.08405724,0.5859173,0.2908656,0.28846505,0.48619884,0.5165431,1.2239304,0.27888712,0.016983569,sadness
0.504893,0.004529517,0.016146144,0.0789848,0.060328864,0.06965683,0.4473579,0.28547403,0.2853541,0.51264215,0.4890423,1.1293833,0.29287028,0.12985376,sadness
0.4913513,0.0069105634,0.024847094,0.08141591,0.09366565,0.08754078,0.5190252,0.3078041,0.28486848,0.47894323,0.49594447,1.1131812,0.33759606,0.09377581,sadness
0.47930905,0.0022828782,0.009186323,0.012419176,0.0091807265,0.010799951,0.07013886,0.31418052,0.31822163,0.5039424,0.4926617,1.2230443,0.28656548,0.011071814,sadness
0.47813988,0.0016639363,0.006674379,0.078731366,0.08692448,0.08282792,0.5584177,0.2941871,0.27579275,0.49137828,0.46387082,1.226009,0.27522066,0.14550182,sadness
0.43874016,0.009700007,0.04197763,0.10139599,0.13538675,0.11839137,0.7354253,0.2888399,0.31048122,0.47760695,0.5108482,1.2589644,0.35430378,0.07110909,sadness
0.5102272,0.0018730675,0.007695937,0.09716636,0.095308386,0.09623738,0.6340113,0.27880582,0.30579418,0.49006888,0.5361353,1.3505919,0.37067834,0.010777492,sadness
0.4178386,0.017096851,0.078376606,0.11106235,0.12110243,0.116082385,0.7474257,0.27439752,0.3149912,0.46678683,0.5169589,1.2471362,0.3510625,0.019706493,sadness
0.47431356,0.0011854091,0.004688385,0.1206459,0.11931246,0.11997919,0.7366246,0.2987893,0.27848372,0.5219372,0.46635237,1.2197683,0.3407271,0.009963775,sadness
0.5271849,0.0034550794,0.0137289865,0.08172406,0.10200322,0.09186363,0.61494786,0.29362938,0.27948958,0.54361665,0.4796653,1.3285259,0.35623696,0.0030001493,sadness
0.57942873,0.0045847343,0.016126806,0.08482548,0.07706096,0.08094322,0.5388442,0.3009803,0.3049711,0.5230443,0.53929186,1.2759804,0.317817,0.080351226,sadness
0.45271435,0.030899974,0.13032371,0.10237281,0.09641246,0.09939264,0.6374775,0.27024207,0.28829372,0.48675933,0.50691277,1.2088016,0.32347256,0.08368562,sadness
0.46547818,0.0019743168,0.0071959295,0.060050037,0.087709256,0.073879644,0.44661835,0.2479723,0.24133065,0.4739426,0.48235506,1.1091104,0.28508317,0.023007968,sadness
0.49591446,0.002180462,0.0077743796,0.06852492,0.07488451,0.07170471,0.45174524,0.2955594,0.27555606,0.5129755,0.4767975,1.1314945,0.26303446,0.035312165,sadness
0.4968903,0.0011765215,0.005012887,0.08067144,0.09934016,0.09000581,0.5979904,0.31299552,0.31498018,0.54440117,0.5078149,1.3434362,0.31398293,0.03865047,sadness
0.4629253,0.0041318517,0.018146317,0.10024002,0.10656847,0.103404246,0.69833285,0.27403668,0.28467408,0.49827966,0.48128203,1.2234265,0.2538316,0.09249271,sadness
0.4343858,0.0037040603,0.017512055,0.1016053,0.09882292,0.10021411,0.68829733,0.27430868,0.25716096,0.5292793,0.47395688,1.2527844,0.29991326,0.020375265,sadness
0.46021265,0.0029304049,0.013002424,0.0894913,0.087480225,0.08848576,0.59877473,0.26999918,0.277656,0.488902,0.51805097,1.2472808,0.28489468,0.0036073325,sadness
0.49965543,0.0017497741,0.0063672205,0.09951268,0.09467714,0.09709491,0.55861026,0.29916242,0.2745605,0.5130519,0.49043593,1.2343765,0.28987893,0.018848412,sadness
0.49657106,0.0018832459,0.007890504,0.0975693,0.09321163,0.09539047,0.63196576,0.3027853,0.27770624,0.541451,0.4829548,1.3283664,0.36547038,0.04145894,sadness
0.4714526,0.0003323959,0.0013790171,0.057523075,0.054896235,0.056209654,0.38450006,0.28241917,0.2924701,0.49604028,0.4915485,1.2554829,0.28715426,0.05471294,sadness
0.45448992,0.0028468128,0.012450346,0.074015416,0.08936298,0.081689194,0.53584564,0.28787202,0.2763991,0.52775955,0.4800142,1.2219087,0.24464972,0.037551537,sadness
0.4934505,0.010675968,0.036914296,0.09676136,0.064432524,0.08059694,0.49831232,0.25660747,0.24401046,0.51093227,0.46472457,1.1168565,0.30009425,0.12870263,sadness
0.6197373,0.004416888,0.012834884,0.07215141,0.084792584,0.078472,0.47922373,0.3181428,0.29805937,0.49875978,0.4985187,1.1845725,0.32272565,0.104304716,sadness
0.42893046,0.0040477617,0.018329866,0.12013264,0.12060601,0.12036933,0.7660019,0.28723326,0.31031787,0.48689002,0.51940197,1.2333069,0.3497438,0.014792173,sadness
0.4716699,0.00094306335,0.0037415775,0.12083502,0.12053735,0.12068619,0.76193845,0.2679159,0.31417915,0.4748679,0.51650715,1.1926291,0.36331764,0.09014998,sadness
0.5133334,0.0015918869,0.0058176173,0.0832724,0.07985976,0.08156608,0.53130084,0.28012216,0.3046071,0.4744887,0.49814343,1.2531666,0.28898042,0.108642966,sadness
0.4315687,0.00034156092,0.0015433935,0.07429555,0.0838651,0.07908033,0.5356271,0.2780189,0.28073907,0.50304574,0.48546875,1.2047698,0.3440439,0.012798044,sadness
0.44261122,0.014102,0.060443193,0.10308054,0.08563772,0.09435913,0.5925305,0.27837062,0.27764937,0.48328412,0.5094514,1.1933414,0.35263366,0.042868305,sadness
0.47029415,0.023001947,0.099333815,0.07762612,0.08775863,0.08269237,0.56968135,0.25517866,0.2757662,0.46959865,0.51973385,1.249834,0.29708657,0.08680772,sadness
0.5637486,0.0034658161,0.012660486,0.063983634,0.07923459,0.07160911,0.49601808,0.30813128,0.29970968,0.543898,0.5217173,1.2914083,0.3621405,0.06060133,sadness
0.4722924,0.004626279,0.018988267,0.0809841,0.07074531,0.0758647,0.49676374,0.27057716,0.29208344,0.48591286,0.501341,1.1903706,0.27679047,0.02242357,sadness
0.5230142,0.0028621634,0.011231668,0.07949495,0.10503607,0.09226551,0.5823112,0.30541018,0.27225894,0.5513681,0.4755085,1.3340228,0.35503498,0.006692862,sadness
0.45337138,0.0042656255,0.019637873,0.08270203,0.10804104,0.09537154,0.65277004,0.26733327,0.28213632,0.4883425,0.53116214,1.2563989,0.2917777,0.005721892,sadness
0.43039435,0.00063258235,0.0028462051,0.06315798,0.0632582,0.063208096,0.4226148,0.2776886,0.29595914,0.47325724,0.50502133,1.2159755,0.29135248,0.00025855075,sadness
0.56355083,0.0029623285,0.010655302,0.07287585,0.07061803,0.07174694,0.4806011,0.29422486,0.2999422,0.53203106,0.5209019,1.25001,0.30871156,0.060634453,sadness
0.46089473,0.004913637,0.020568792,0.08362859,0.07773497,0.08068178,0.5276162,0.2688941,0.286887,0.5203506,0.5065786,1.3046037,0.41608477,0.09995318,sadness
0.5339971,0.0018553747,0.0070625716,0.096119635,0.09863994,0.09737979,0.64657956,0.30007035,0.2904688,0.5071411,0.52135605,1.300776,0.31329498,0.04451343,sadness
0.489015,0.0027296918,0.011221467,0.09811392,0.08268114,0.09039753,0.6141469,0.28507492,0.28791103,0.5122812,0.51965964,1.2607483,0.27305096,0.0013024757,sadness
0.6034095,0.0018272793,0.005687995,0.11241698,0.098990075,0.105703525,0.6212505,0.26506817,0.2704546,0.49047583,0.48352906,1.2377796,0.30460382,0.017018339,sadness
0.52071154,0.002088075,0.008221822,0.06766865,0.07993993,0.07380428,0.5012572,0.2926846,0.3010333,0.51813245,0.53413194,1.2846097,0.28645736,0.056843027,sadness
0.5654608,0.00202543,0.006212203,0.098035194,0.09818728,0.098111235,0.57351327,0.27748463,0.28141806,0.49346596,0.50593334,1.1003902,0.26868403,0.028405484,sadness
0.47982875,0.0041597546,0.017815445,0.07889903,0.08143613,0.080167584,0.55293536,0.3024824,0.29413146,0.55968726,0.5210899,1.2478977,0.25580624,0.04690215,sadness
0.54126793,0.00095018646,0.003742769,0.096139304,0.08598331,0.09106131,0.61728185,0.31560603,0.27465814,0.5249261,0.50436306,1.3124272,0.29223865,0.00620978,sadness
0.4587921,0.0034499962,0.0140751535,0.08820144,0.091592856,0.08989715,0.56530213,0.28708348,0.2818924,0.51986086,0.4944016,1.2352846,0.355289,0.10182886,sadness
0.46902958,0.0048793135,0.020400459,0.0776125,0.07307865,0.07534557,0.49342385,0.2970619,0.2904617,0.51528394,0.48883718,1.2324408,0.29344893,0.078353524,sadness
0.5040504,0.0006355216,0.0023732756,0.08651294,0.0877878,0.087150365,0.54606193,0.2803242,0.2732349,0.49274442,0.4969047,1.2067211,0.33891976,0.015403026,sadness
0.45774683,0.0016966139,0.007570554,0.089484625,0.08590313,0.08769387,0.5889956,0.2871242,0.287407,0.5158573,0.48285943,1.2616142,0.30958122,0.073275305,sadness
0.45389947,0.003759265,0.016273048,0.075954705,0.092163794,0.08405925,0.5594005,0.26430124,0.27296343,0.5226716,0.49040762,1.2718437,0.32522604,0.058644444,sadness
0.53170335,0.0028951722,0.011548236,0.09430223,0.10095188,0.09762706,0.645289,0.3016339,0.2770767,0.543566,0.48378307,1.3411736,0.36588582,0.022776755,sadness
0.51050293,0.0017226179,0.0062966654,0.08514666,0.075212665,0.08017966,0.5128448,0.27591854,0.30003384,0.46844804,0.4757412,1.2169625,0.3119885,0.021461714,sadness
0.538708,0.0035708447,0.011624856,0.09191614,0.08626052,0.08908833,0.52217156,0.27542615,0.30274692,0.49371195,0.49105644,1.1533971,0.3179556,0.08837945,sadness
0.49489346,0.0012274262,0.0051449854,0.086114265,0.09315704,0.089635655,0.57834005,0.30935282,0.27111354,0.5612297,0.47047356,1.320796,0.35234192,0.06917869,sadness
0.50911164,0.001481304,0.005606784,0.08339418,0.070487216,0.0769407,0.49755993,0.3011645,0.30006832,0.50092065,0.49269795,1.234516,0.29530454,0.084608816,sadness
0.4999471,0.0026006286,0.010561473,0.08599645,0.07201145,0.07900395,0.54322696,0.29975286,0.28384244,0.5490968,0.51319337,1.2701167,0.2457223,0.081815824,sadness
0.49511376,0.0063588214,0.022761792,0.067515045,0.06820325,0.06785915,0.4248988,0.29113835,0.28123844,0.51124203,0.48914796,1.1143523,0.2707549,0.108789735,sadness
0.4867736,0.0034468146,0.014821281,0.086770624,0.08003286,0.08340175,0.58647424,0.2980666,0.29526106,0.49965283,0.51424795,1.2671005,0.28534028,0.049273875,sadness
0.5002239,0.0030040443,0.010382402,0.093882434,0.049380884,0.071631655,0.43871105,0.26573548,0.24053521,0.5267471,0.45602906,1.1272749,0.28722158,0.053134494,sadness
0.45510766,0.0011645901,0.0050137653,0.07579591,0.0886251,0.0822105,0.5547018,0.27226412,0.26798812,0.48460183,0.48011884,1.2293379,0.3680744,0.052339297,sadness
0.4868412,0.022414742,0.08867072,0.10569655,0.13097805,0.1183373,0.75049585,0.27611005,0.30677155,0.47433567,0.51269484,1.2263619,0.37843654,0.03488573,sadness
0.45993462,0.00989865,0.04156706,0.07642234,0.04867263,0.06254749,0.41776556,0.29180634,0.28149837,0.5265681,0.46753776,1.2684561,0.25819707,0.057528645,sadness
0.5035195,0.0035016863,0.013477166,0.07749081,0.07971555,0.07860318,0.53419733,0.3200841,0.27541816,0.51986426,0.44323155,1.2565612,0.2944369,0.15101458,sadness
0.45521218,0.001162955,0.0052035567,0.106033094,0.09147022,0.09875166,0.6549587,0.28586227,0.28679273,0.48072013,0.4886344,1.2293572,0.30833855,0.07952769,sadness
0.53905326,0.014023158,0.04518685,0.086508274,0.0894649,0.08798659,0.5172228,0.27303064,0.29695317,0.47062775,0.49602908,1.1503727,0.32766753,0.12113876,sadness
0.50398606,0.0041749314,0.016756257,0.07152795,0.076899745,0.07421385,0.5071372,0.30152673,0.29921332,0.5384032,0.5200156,1.2876561,0.31997734,0.051811565,sadness
0.5839056,0.0024535053,0.007759957,0.059020516,0.067481175,0.06325085,0.3974139,0.30473727,0.3125132,0.4954742,0.4998234,1.23882,0.3049957,0.00085089484,sadness
0.51543653,0.0032114296,0.012037992,0.099431105,0.1016139,0.1005225,0.6479791,0.2705373,0.3038446,0.4766911,0.4859279,1.2533793,0.34816262,0.10319425,sadness
0.47129673,0.003724884,0.0139044365,0.059261713,0.072664194,0.065962955,0.4089379,0.28732356,0.29553887,0.49039704,0.51145595,1.1052862,0.27491164,0.055965625,sadness
0.488962,0.008361627,0.03539743,0.11299698,0.09992825,0.10646261,0.74010795,0.2875624,0.28593957,0.49562886,0.4963416,1.2460674,0.30290624,0.10908447,sadness
0.52546304,0.0036810548,0.012119231,0.07479108,0.090785064,0.08278807,0.47861615,0.3091294,0.27398568,0.49263334,0.48706013,1.1483736,0.29667532,0.057647362,sadness
0.3978254,0.006361947,0.02988721,0.10363393,0.1147544,0.10919417,0.68061084,0.26119763,0.31143486,0.45568207,0.5151634,1.2090929,0.351023,0.008700593,sadness
0.51752704,0.06206446,0.24823087,0.09497471,0.07324601,0.08411036,0.5716905,0.29321018,0.2895102,0.4941057,0.5159756,1.2828494,0.31825367,0.06665083,sadness
0.47201228,0.0062541617,0.026000235,0.08650195,0.093512274,0.09000711,0.57194406,0.28723443,0.26357508,0.5130811,0.51713485,1.2810966,0.33534822,0.014764416,sadness
0.5714272,0.0004546401,0.0013803784,0.09874254,0.098421656,0.09858209,0.58945525,0.27885163,0.26492,0.51932114,0.46445337,1.1050321,0.26837525,0.07594806,sadness
0.48679438,0.0019693808,0.008502145,0.07778491,0.09104626,0.084415585,0.57177687,0.31224048,0.31963807,0.5444766,0.50983334,1.3391079,0.33286443,0.043275088,sadness
0.46194535,0.0019251892,0.008521658,0.087685,0.10801079,0.097847894,0.6661472,0.28116718,0.29024884,0.5008031,0.48492065,1.2174757,0.2863295,0.09389962,sadness
0.5071108,0.0016123066,0.0063535334,0.061825164,0.0865798,0.074202485,0.49226815,0.28919265,0.27950037,0.52463925,0.48242742,1.2431221,0.24845147,0.066832304,sadness
0.5103057,0.0037699086,0.015727049,0.07988272,0.10004294,0.08996283,0.6236578,0.2804308,0.30292824,0.5120516,0.50819993,1.3178997,0.28770033,0.1073678,sadness
0.48837426,0.0024239281,0.008611665,0.061628096,0.07805026,0.06983918,0.4260974,0.27191985,0.29557282,0.4674349,0.51879317,1.1292984,0.27494228,0.07689353,sadness
0.52284014,0.0015709844,0.0063926913,0.08787026,0.09364058,0.09075542,0.6199357,0.29168525,0.29920548,0.5112641,0.51197547,1.3193996,0.28081948,0.02447041,sadness
0.5323622,0.0022302,0.008386792,0.064088605,0.07721128,0.07064995,0.46976033,0.2996988,0.29951435,0.5428049,0.5203839,1.2794834,0.29431987,0.079584606,sadness
0.52565646,0.0059607197,0.023156019,0.10159307,0.10225783,0.10192545,0.67443097,0.29518867,0.28329733,0.50193185,0.5117175,1.2835146,0.3090888,0.029047243,sadness
0.55323267,0.004707726,0.016718192,0.06693131,0.077860944,0.07239613,0.46666363,0.29208067,0.3008292,0.52273095,0.5237227,1.2513548,0.30897355,0.031951286,sadness
0.43671462,0.002552023,0.011250592,0.11513584,0.10880469,0.11197026,0.72283274,0.2976382,0.28285143,0.5087873,0.4739417,1.2420186,0.34551418,0.09771788,sadness
0.3859394,0.011590735,0.059059523,0.08631237,0.07045269,0.07838253,0.5356994,0.26861054,0.2731099,0.47880444,0.49086577,1.1999415,0.30989116,0.05913166,sadness
0.46913812,0.0009866396,0.0039549028,0.08132738,0.07873627,0.08003182,0.51285994,0.28291434,0.28067756,0.48797816,0.4599071,1.1940528,0.26715901,0.10650967,sadness
0.4759076,0.0046502715,0.01841579,0.07444808,0.04349372,0.0589709,0.38620487,0.30652145,0.29616082,0.499908,0.48621163,1.2021261,0.3490515,0.011181413,sadness
0.522476,0.0038825476,0.014752039,0.0667016,0.07303218,0.06986688,0.4616478,0.27283618,0.30360818,0.49220797,0.5079475,1.294823,0.32983273,0.084036924,sadness
0.4618925,0.004491538,0.019864747,0.108150505,0.09770504,0.102927774,0.69954425,0.28661436,0.2976546,0.51715624,0.48319975,1.2494332,0.25783318,0.0141817145,sadness
0.4013366,0.039942086,0.1870269,0.09941676,0.09685725,0.098137006,0.6033308,0.2804282,0.28702345,0.5005237,0.50456035,1.1592742,0.33110124,0.100126006,sadness
0.4934171,0.0062010437,0.02357236,0.00952503,0.015896834,0.012710934,0.07777358,0.30786327,0.3313674,0.47889516,0.49448758,1.2324543,0.29784623,0.06716737,sadness
0.56631213,0.0017289487,0.005351418,0.07569193,0.08765766,0.0816748,0.47866005,0.2706023,0.31840634,0.4769617,0.50612044,1.1613723,0.30252132,0.0010617035,sadness
0.49201262,0.015122528,0.05422407,0.08742165,0.09342751,0.090424575,0.5374523,0.3010003,0.27469742,0.48725477,0.47748122,1.1127928,0.32490674,0.03707518,sadness
0.49730235,0.0034601623,0.014318725,0.10896997,0.093164764,0.10106737,0.6813834,0.28566274,0.29099467,0.48900884,0.49787697,1.2309592,0.2802782,0.10594507,sadness
0.4663792,0.00078268547,0.0033935523,0.074085675,0.09261586,0.08335076,0.5602339,0.28904048,0.2769613,0.47906187,0.5144835,1.2787546,0.2987681,0.13618052,sadness
0.5633625,0.0018557542,0.0059133037,0.03678022,0.06720817,0.051994197,0.3236472,0.3332599,0.29767564,0.49472457,0.47884527,1.1648889,0.29982945,0.047828168,sadness
0.43988425,0.0006559678,0.003072848,0.08548829,0.081932165,0.08371022,0.55781233,0.3038305,0.31126395,0.52974117,0.49958086,1.2908344,0.3451645,0.025872262,sadness
0.50892234,0.011663132,0.039760906,0.08828263,0.08632791,0.08730527,0.50392836,0.26699132,0.30202693,0.46812403,0.49419668,1.1053432,0.3443178,0.014739216,sadness
0.5333672,0.018027207,0.05834894,0.086802855,0.089761645,0.08828225,0.51484793,0.27480263,0.27343258,0.5076584,0.47926334,1.094085,0.27586436,0.09107708,sadness
0.45494944,0.0018893498,0.007877725,0.11337878,0.1257421,0.119560435,0.74095124,0.2712604,0.2998458,0.46969303,0.5090415,1.225096,0.36345935,0.03515471,sadness
0.49991462,0.0015896481,0.0067135612,0.08745389,0.098309994,0.09288194,0.6310576,0.29833233,0.27757612,0.54613733,0.48593438,1.3347565,0.3504695,0.011966682,sadness
0.50313914,0.01723374,0.06976847,0.06152316,0.084016286,0.07276972,0.4984988,0.29108503,0.2883844,0.49565488,0.5015724,1.2986642,0.33557054,0.039652433,sadness
0.496837,0.0012207741,0.0044507254,0.09544816,0.09152361,0.093485884,0.54584795,0.28599545,0.26831985,0.49631032,0.48900798,1.1926509,0.31632906,0.10249082,sadness
0.5079303,0.0022031518,0.008225104,0.08759802,0.08340816,0.08550309,0.5613547,0.2983083,0.2989854,0.50212675,0.48660582,1.2284077,0.28947845,0.086522624,sadness
0.435484,0.0033107568,0.015221241,0.08228508,0.08699846,0.08464177,0.56814,0.27996784,0.2749599,0.523188,0.47434908,1.2163963,0.24952264,0.04340056,sadness
0.4891793,0.009094149,0.032146234,0.07612805,0.08503616,0.080582105,0.46705797,0.30699006,0.27030957,0.4908499,0.484415,1.1414393,0.32220846,0.054873873,sadness
0.49491638,0.0022753144,0.009457258,0.07675277,0.086349376,0.08155107,0.55261844,0.29672468,0.27708575,0.4905702,0.5194385,1.3008097,0.30999047,0.17240483,sadness
0.45028552,0.0029175542,0.012756385,0.07869171,0.07045431,0.074573,0.5028057,0.27362397,0.28051937,0.48220837,0.4931136,1.2117785,0.30400145,0.06190736,sadness
0.5328394,0.011089581,0.04151079,0.08411684,0.07975184,0.08193434,0.53441805,0.3037372,0.29756165,0.51693743,0.5323878,1.2840046,0.29263955,0.08006135,sadness
0.527958,0.0023155026,0.007683756,0.059756458,0.07408816,0.066922314,0.41399497,0.27493912,0.2982278,0.4664566,0.5282466,1.1284456,0.30607256,0.01599735,sadness
0.4815735,0.0054224264,0.022744562,0.08157001,0.08576271,0.08366636,0.5648864,0.2859442,0.2897925,0.5182359,0.48512343,1.2595972,0.29525286,0.014538244,sadness
0.5502923,0.0023149734,0.008817457,0.088054165,0.10806521,0.09805969,0.65366244,0.29249454,0.2858466,0.5434174,0.48344123,1.3359616,0.3637866,0.09796667,sadness
0.5011785,0.004135568,0.0167375,0.08419673,0.083584666,0.0838907,0.57368654,0.2859384,0.28741714,0.53531295,0.52099895,1.2384896,0.24333724,0.021008475,sadness
0.503875,0.0022134127,0.009066873,0.1009686,0.0934877,0.097228155,0.62448525,0.27658957,0.2919941,0.48784006,0.5287037,1.304159,0.36070195,0.04203421,sadness
0.4935692,0.015910255,0.05584549,0.0736486,0.07307044,0.07335952,0.44822922,0.30034095,0.28983277,0.50458443,0.43560225,1.1204786,0.33973485,0.020265482,sadness
0.55686367,0.0030411833,0.009723954,0.05960327,0.08490297,0.07225312,0.43726754,0.32426277,0.2763513,0.49847987,0.48473877,1.1715091,0.40212587,0.097581446,sadness
0.52933526,0.0006341688,0.0022221596,0.06445081,0.07338349,0.068917155,0.42055517,0.29881352,0.28164083,0.5157874,0.50054574,1.1799767,0.2908094,0.048316568,sadness
0.46947795,0.0029096308,0.011993528,0.06802945,0.07858462,0.07330704,0.48518294,0.29543597,0.27562082,0.5155473,0.47645313,1.2388766,0.27864885,0.008012115,sadness
0.4020913,0.02694446,0.12462464,0.121930026,0.11408621,0.118008114,0.7304155,0.3128134,0.2860218,0.5330618,0.46524486,1.2082305,0.35046187,0.059965294,sadness
0.48627394,0.003070758,0.011932839,0.073604554,0.08145767,0.07753111,0.4830115,0.29557535,0.2802057,0.50776523,0.50102437,1.1831657,0.29268226,0.02357023,sadness
0.48399472,0.0020247933,0.00839621,0.07477237,0.08188734,0.07832985,0.5321484,0.2967653,0.28410968,0.53495723,0.5212035,1.2259207,0.26572853,0.034367077,sadness
0.5011,0.0017505431,0.006140352,0.08801135,0.101085074,0.09454821,0.53400093,0.2728421,0.26140654,0.4924507,0.48556456,1.1768825,0.3029529,0.108662315,sadness
0.50751585,0.0018588445,0.006558038,0.090183154,0.09641478,0.09329897,0.54264843,0.26222396,0.27605876,0.4843816,0.48702818,1.1762999,0.2858383,0.06990475,sadness
0.49600554,0.002047853,0.008358382,0.082541175,0.08903222,0.0857867,0.5626135,0.3005595,0.27400166,0.4936463,0.5048937,1.2604883,0.29826516,0.021137757,sadness
0.51320827,0.001983984,0.0065836897,0.06003244,0.08179027,0.070911355,0.4259782,0.23857927,0.2540323,0.46940815,0.49347466,1.1515094,0.30522564,0.03129424,sadness
0.62250984,0.00021746913,0.00063109753,0.10629017,0.090572596,0.098431386,0.55048037,0.30414757,0.2612803,0.5364604,0.46795976,1.2792277,0.29515603,0.07258543,sadness
0.5025342,0.0022638175,0.009194707,0.079659075,0.08013246,0.07989577,0.570084,0.29010764,0.2792048,0.5399047,0.51831573,1.2424246,0.26450574,0.09494031,sadness
0.5493498,0.0021503256,0.006897851,0.06625932,0.07375342,0.07000636,0.43442184,0.28878757,0.30629966,0.5007801,0.51540494,1.1068057,0.31723404,0.08428598,sadness
0.49258497,0.000826882,0.0027944813,0.083091035,0.06747013,0.075280584,0.44416416,0.24148937,0.24581178,0.49448252,0.46834162,1.120664,0.27697042,0.0030113745,sadness
0.519997,0.0024290076,0.008722163,0.076126955,0.07814943,0.07713819,0.47979623,0.2862521,0.28860977,0.49064466,0.5122729,1.1751621,0.2890284,0.062829345,sadness
0.43824944,0.0050516133,0.023868997,0.08661103,0.09693531,0.09177317,0.6405124,0.2653102,0.2757788,0.48375475,0.5267747,1.2739208,0.2826109,0.044931974,sadness
0.4554998,0.0047326745,0.019966008,0.111731075,0.13283607,0.122283585,0.77077466,0.27665937,0.30479813,0.47370192,0.51767373,1.2465898,0.33727306,0.026992343,sadness
0.5041633,0.0024927638,0.009231528,0.079106435,0.079349965,0.0792282,0.49647176,0.29158026,0.2958533,0.48305658,0.47284797,1.2182032,0.28825164,0.13651775,sadness
0.5649775,0.011354368,0.03480473,0.07304787,0.084651865,0.07884987,0.4573397,0.3045556,0.27514958,0.48400775,0.4770664,1.1391008,0.30098942,0.06281482,sadness
0.49523777,0.000700257,0.0027286443,0.0094968295,0.010244785,0.009870807,0.06376043,0.31326565,0.31827143,0.50163686,0.4910184,1.2215341,0.30132052,0.05114536,sadness
0.5142694,0.000819535,0.003432066,0.1022375,0.08909668,0.09566709,0.67278695,0.30909395,0.28044719,0.51777893,0.5029667,1.32375,0.2963488,0.064475596,sadness
0.5405935,0.007103717,0.022882134,0.07125769,0.09180276,0.08153023,0.47879446,0.30120236,0.2740401,0.4883514,0.46968904,1.103893,0.3546739,0.028335275,sadness
0.48569563,0.007919003,0.033739716,0.10417713,0.10626208,0.10521961,0.7439045,0.28174052,0.29089227,0.49134794,0.50150454,1.2481409,0.2695659,0.09866967,sadness
0.45312896,0.00605463,0.02683537,0.08131454,0.07866888,0.079991706,0.5484552,0.2703512,0.27174994,0.48626694,0.49071673,1.2541807,0.31471205,0.038476843,sadness
0.5135028,0.0072781527,0.02993847,0.09691484,0.102093734,0.09950429,0.70407635,0.30548924,0.29101124,0.5068386,0.49660102,1.2778884,0.28755802,0.10340381,sadness
0.5111874,0.001422795,0.0056222877,0.09794696,0.09625578,0.09710137,0.65039456,0.28963986,0.2876484,0.5210707,0.49345767,1.2604011,0.30770686,0.00782876,sadness
0.491514,0.002322444,0.008279005,0.09344737,0.098069236,0.0957583,0.5440799,0.27678752,0.27162194,0.5120328,0.47642937,1.1804825,0.29280898,0.013224737,sadness
0.46926525,0.008857484,0.035536002,0.02340079,0.022714512,0.02305765,0.1438334,0.30681777,0.3258709,0.48657167,0.4970648,1.2003757,0.27980652,0.028690957,sadness
0.45940742,0.00680503,0.02897273,0.073694244,0.07327448,0.07348435,0.49553856,0.2822071,0.26232234,0.49355155,0.47557157,1.2373741,0.33969927,0.13332406,sadness
0.53385687,0.0002547526,0.0008348196,0.08460057,0.089932054,0.0872663,0.5176075,0.30246943,0.2701018,0.48699376,0.47167134,1.1542231,0.31432784,0.0860048,sadness
0.41351202,0.00941093,0.04399563,0.13612959,0.12924713,0.13268836,0.84749204,0.2716484,0.3106325,0.47616088,0.51484823,1.2331511,0.36063448,0.0004691968,sadness
0.49400902,0.0023148847,0.008210612,0.072052166,0.04752051,0.059786342,0.37436813,0.2928387,0.2713126,0.47169307,0.47075254,1.1706169,0.28303492,0.041671578,sadness
0.4917136,0.005315736,0.021261824,0.09169457,0.08933508,0.09051482,0.59847003,0.28032154,0.288335,0.5112957,0.5224337,1.2597986,0.26069587,0.035366148,sadness
0.51699984,0.0022508844,0.008880165,0.07610739,0.09104183,0.08357461,0.56116384,0.29654366,0.2967721,0.53514403,0.5173411,1.3038232,0.28791025,0.036709826,sadness
0.6552458,0.080543526,0.25210062,0.09659035,0.0908774,0.09373388,0.6239628,0.29280657,0.27597275,0.51676804,0.49340597,1.2735364,0.33108777,0.018297784,fear
0.6564148,0.076932035,0.2448808,0.0956163,0.08066946,0.08814288,0.59802765,0.30828145,0.29279643,0.5305352,0.5338385,1.3813767,0.30216983,0.052515723,fear
0.5834356,0.05381127,0.17837574,0.11931458,0.1017108,0.110512696,0.7499762,0.27805614,0.27537084,0.50249314,0.48276955,1.231394,0.3284972,0.0021090806,fear
0.63448364,0.07833218,0.2624975,0.12661658,0.113801606,0.1202091,0.80714196,0.28406352,0.2819092,0.5046221,0.51101696,1.3416219,0.3617347,0.0636003,fear
0.7332644,0.0931688,0.24829881,0.09217324,0.1228268,0.107500024,0.6649,0.2855929,0.2896866,0.49452633,0.53418297,1.274175,0.31155422,0.014575659,fear
0.73472184,0.12476541,0.3298213,0.115713835,0.10943122,0.11257253,0.72544277,0.30931392,0.289162,0.49531013,0.49735406,1.2827544,0.33827358,0.016784977,fear
0.70491296,0.1550248,0.42424628,0.11363917,0.10937646,0.11150782,0.6969885,0.26279476,0.27188456,0.49729222,0.49884167,1.3605574,0.37518898,0.019763624,fear
0.6158509,0.11479012,0.33999327,0.11034576,0.10040031,0.10537303,0.6142177,0.26501632,0.30396917,0.48780575,0.48917234,1.2627004,0.3675475,0.0017733864,fear
0.73051393,0.09751322,0.26298708,0.102908485,0.11694964,0.10992906,0.69407374,0.27886903,0.2919773,0.49221233,0.53934634,1.2572752,0.30743414,0.03018291,fear
0.63438475,0.079269014,0.26267746,0.12794031,0.10697957,0.11745993,0.78083956,0.2841787,0.28837258,0.5048047,0.5091368,1.335203,0.3665533,0.061462767,fear
0.66433966,0.16614951,0.49385193,0.10476175,0.12410013,0.114430934,0.7443649,0.27107632,0.27218416,0.50762445,0.49031958,1.4022166,0.40877572,0.0018795202,fear
0.6492082,0.06259739,0.20762041,0.12719277,0.11042385,0.11880831,0.8189071,0.28410968,0.28257957,0.50620323,0.5101539,1.3703458,0.35572577,0.06571052,fear
0.7467026,0.10735031,0.26605907,0.1046572,0.10353244,0.10409482,0.62241226,0.2851241,0.2894447,0.5092184,0.52949846,1.3189232,0.3452141,0.0016769993,fear
0.59669226,0.123190254,0.39906946,0.12263882,0.11971017,0.1211745,0.74637896,0.28544995,0.28376207,0.4941275,0.48681113,1.2549851,0.33052263,0.095049225,fear
0.8145271,0.11252493,0.2755371,0.12065469,0.10347549,0.11206509,0.73252016,0.29331997,0.26314682,0.5280266,0.50565994,1.3309008,0.3203466,0.014348408,fear
0.5600097,0.004261227,0.015445472,0.14840049,0.13324285,0.14082167,0.9055193,0.30831644,0.31912622,0.49251983,0.5264593,1.307747,0.34091803,0.0032012325,fear
0.7013224,0.16692594,0.44387603,0.050554425,0.06432373,0.057439078,0.37801465,0.2680436,0.27408552,0.47636223,0.528639,1.2417725,0.37479815,0.010809685,fear
0.78035396,0.17899773,0.43575752,0.11821353,0.11994674,0.119080134,0.712004,0.27338263,0.26832992,0.50140405,0.5111928,1.4005125,0.37515378,0.006982694,fear
0.63694394,0.07031356,0.2118414,0.07439315,0.08073393,0.07756355,0.4821896,0.27780363,0.2972902,0.49392074,0.5249681,1.2441504,0.33338806,0.006485067,fear
0.7271646,0.13920641,0.3604212,0.108093984,0.103769206,0.105931595,0.6554397,0.30600253,0.2900281,0.4955296,0.4965365,1.2789155,0.34187567,0.0199435,fear
0.6223413,0.10886084,0.32285842,0.108052365,0.09922686,0.10363962,0.6162665,0.26991904,0.30595246,0.4903904,0.49313557,1.278845,0.37041408,0.007502228,fear
0.56580836,0.03422424,0.12294013,0.14170723,0.13406524,0.13788623,0.8931294,0.311774,0.31454813,0.4935243,0.5274248,1.3115829,0.3400434,0.0043646665,fear
0.62375623,0.07434748,0.2275213,0.13929199,0.13543986,0.13736592,0.8501364,0.31293112,0.2930467,0.5194083,0.48190448,1.3122869,0.3380173,0.003999695,fear
0.69303995,0.1617753,0.4653907,0.11224558,0.08753232,0.09988895,0.64942634,0.27954206,0.3011466,0.5026189,0.5335161,1.3326626,0.34062922,0.04592315,fear
0.66713953,0.10782802,0.32813108,0.09388478,0.07973841,0.086811595,0.5758131,0.30322713,0.28985003,0.525824,0.5310984,1.3661667,0.30884963,0.050591603,fear
0.60201985,0.09695773,0.29062906,0.11109713,0.10284141,0.10696927,0.62187046,0.26498657,0.2988209,0.49030605,0.48616785,1.2558582,0.35719597,0.008109449,fear
0.60387,0.046549026,0.14419024,0.11483084,0.09744904,0.10613994,0.68732816,0.28169343,0.28010014,0.5054947,0.48936048,1.247657,0.34433448,0.002744639,fear
0.687705,0.1560051,0.45243582,0.113374785,0.088941604,0.101158194,0.6711837,0.27671406,0.30031836,0.49726608,0.5323054,1.3298892,0.326749,0.040831406,fear
0.5590116,0.07866701,0.26293892,0.15140316,0.13292457,0.14216387,0.89213985,0.3075058,0.2852276,0.49809682,0.4988115,1.3156945,0.35657835,0.015614947,fear
0.6652916,0.16606991,0.48835537,0.10310364,0.12432421,0.11371392,0.72969866,0.2701474,0.2754402,0.50953484,0.49159792,1.4230111,0.40728515,0.0023022452,fear
0.6645284,0.097563244,0.2908471,0.097087994,0.09115106,0.09411953,0.611126,0.28509817,0.27272004,0.5081521,0.48874116,1.2599375,0.3325839,0.024843158,fear
0.6627694,0.0066964636,0.020649165,0.11130687,0.08934582,0.100326344,0.66890544,0.32470712,0.33392683,0.5029373,0.5263227,1.2804084,0.33745226,0.03267469,fear
0.6629211,0.05960587,0.16078304,0.12696688,0.12305103,0.12500896,0.73855317,0.2649398,0.28324434,0.46825576,0.5134642,1.1956276,0.30125186,0.006779098,fear
0.6601408,0.0059410785,0.016851287,0.10728872,0.10556583,0.10642728,0.6661813,0.28164652,0.26608393,0.49391782,0.4804086,1.259695,0.35987788,0.012118239,fear
0.65769356,0.016132047,0.046603594,0.10626035,0.10686805,0.1065642,0.6806161,0.27766415,0.2675515,0.48760816,0.4843923,1.2563827,0.35870606,0.009317006,fear
0.66824937,0.1648673,0.48623312,0.109031424,0.12157371,0.11530256,0.7449325,0.2738995,0.27719113,0.51661384,0.49074844,1.4010948,0.41123083,0.0026783345,fear
0.68647105,0.10898753,0.29409233,0.09063278,0.08723526,0.08893402,0.5407054,0.27921692,0.2759832,0.50766677,0.4939344,1.3137317,0.29563513,0.059528038,fear
0.6956979,0.12712073,0.32693022,0.08226863,0.084265806,0.08326721,0.47806308,0.28932232,0.27577627,0.5103684,0.49622914,1.3333937,0.30526868,0.05808539,fear
0.5555584,0.076784596,0.26026115,0.15451095,0.13537584,0.1449434,0.92866075,0.2986982,0.28859666,0.4904368,0.5038759,1.3114887,0.35210615,0.016019188,fear
0.71082395,0.18311487,0.5021887,0.037724953,0.05676072,0.04724284,0.32207394,0.26759103,0.27595204,0.47791398,0.5290405,1.2937413,0.37682226,0.024345832,fear
0.7863396,0.17533778,0.42861038,0.11669443,0.12002068,0.118357554,0.72014815,0.275099,0.26588264,0.5068872,0.5099232,1.4164866,0.38461488,0.012830001,fear
0.6469248,0.002480832,0.007753439,0.101824656,0.09649138,0.09915801,0.6469246,0.3245313,0.32454532,0.503975,0.52559507,1.2680138,0.33496112,0.022869546,fear
0.66147566,0.016642567,0.04777711,0.10533968,0.11360602,0.10947285,0.69134796,0.27819636,0.26648295,0.48754755,0.48466334,1.2508883,0.36439842,0.017652573,fear
0.5707795,0.047533646,0.15861195,0.12271127,0.09463943,0.108675346,0.7295782,0.2767504,0.2772929,0.50294,0.48237517,1.2456763,0.334693,0.0070500197,fear
0.6755421,0.08402734,0.24875866,0.111844756,0.09772677,0.10478576,0.6824104,0.28904915,0.28559777,0.5309453,0.50156444,1.2639713,0.30919504,0.027774688,fear
0.79586816,0.17351915,0.44470438,0.057505287,0.05642163,0.05696346,0.3802557,0.30525246,0.3069812,0.5259984,0.54043704,1.4111745,0.39988655,0.016476166,fear
0.57278496,0.03781871,0.13134521,0.14409237,0.135932,0.14001217,0.8796143,0.30035266,0.31175533,0.48662215,0.52347773,1.3060308,0.33694348,0.0003663863,fear
0.69954795,0.09186901,0.2342942,0.08500737,0.08412226,0.08456481,0.49481407,0.2778484,0.2791117,0.5017943,0.49877435,1.3481008,0.2953405,0.06196046,fear
0.6706495,0.06796377,0.17996164,0.12989506,0.11787036,0.1238827,0.72833306,0.25845787,0.28576943,0.4659294,0.5131389,1.1783768,0.29208598,0.010472733,fear
0.58605963,0.0038563113,0.013041441,0.095666796,0.0933356,0.09450119,0.61254233,0.29315487,0.28306863,0.53292054,0.50215656,1.2535791,0.29139957,0.026737627,fear
0.7725261,0.18808614,0.46032763,0.114938095,0.11714428,0.11604118,0.68778,0.27502638,0.26905963,0.5039108,0.5142462,1.4069707,0.37669402,0.008953729,fear
0.664296,0.06261253,0.1840388,0.0710354,0.08097247,0.07600393,0.48333126,0.27711737,0.29714006,0.4953996,0.52655727,1.2617606,0.31995302,0.011873204,fear
0.81299275,0.10861405,0.27065185,0.10927601,0.093742676,0.10150934,0.6799457,0.29159582,0.26692718,0.5275131,0.50747347,1.3302034,0.31598645,0.0074631725,fear
0.6516195,0.10215158,0.312583,0.092985824,0.0955408,0.094263315,0.6144571,0.2975546,0.27779645,0.5166728,0.4952398,1.2612894,0.33060628,0.02248779,fear
0.5918324,0.11922825,0.38472706,0.12220272,0.117925994,0.12006436,0.728287,0.28510445,0.28047815,0.4938348,0.48543686,1.2430104,0.33280963,0.09865829,fear
0.69596314,0.17567885,0.49682385,0.110215016,0.09313574,0.10167538,0.65821534,0.28136596,0.29648083,0.50259835,0.53235584,1.3263532,0.33985126,0.041750357,fear
0.7268182,0.15631895,0.42637974,0.10848752,0.111019164,0.10975334,0.70984864,0.26943418,0.27235892,0.5003214,0.5017746,1.3669752,0.38097614,0.011825212,fear
0.6631153,0.03553729,0.096013285,0.13229038,0.12211946,0.12720491,0.7543221,0.2621317,0.2825753,0.46818992,0.5136307,1.2136002,0.29748735,0.0015223519,fear
0.6084519,0.08395651,0.2597149,0.13906837,0.1292703,0.13416934,0.8218193,0.3149925,0.29515556,0.51948154,0.4833321,1.327636,0.33967704,0.011135205,fear
0.7014326,0.18742016,0.5314672,0.04299389,0.040046107,0.041519996,0.28801885,0.26931614,0.28886154,0.47949144,0.5323004,1.2882282,0.37440997,0.023020696,fear
0.6317055,0.07295262,0.22009954,0.07393848,0.081639364,0.07778893,0.4734167,0.28052965,0.29717362,0.49580377,0.52435505,1.255713,0.33336622,0.009945361,fear
0.7841904,0.15631996,0.39305338,0.061905164,0.054017834,0.0579615,0.37128437,0.30719683,0.3110586,0.52531534,0.5436882,1.4006284,0.39222667,0.015956366,fear
0.555811,0.10069563,0.3393346,0.15324667,0.13165534,0.142451,0.89807355,0.30382764,0.2846188,0.4935287,0.50217634,1.2975289,0.35243016,0.014913426,fear
0.78105927,0.15966554,0.4159823,0.05777494,0.050811335,0.054293137,0.36103752,0.3016055,0.3117341,0.5214598,0.54524577,1.4013969,0.39436808,0.009993294,fear
0.73449475,0.105120584,0.27512312,0.09300131,0.11235623,0.10267877,0.62875193,0.28611004,0.29014525,0.49159634,0.533063,1.2757919,0.31062388,0.028174447,fear
0.63549954,0.07302517,0.22602707,0.10594913,0.08649195,0.096220545,0.6223746,0.28282747,0.28158587,0.52426255,0.49138993,1.2611183,0.2978977,0.028625896,fear
0.67205304,0.074457444,0.23223726,0.10379097,0.08140398,0.09259748,0.6332364,0.30424798,0.2950267,0.5353868,0.5319689,1.3882539,0.30638814,0.054087058,fear
0.63566566,0.055380803,0.16797182,0.14369226,0.13513404,0.13941315,0.8801462,0.30887273,0.29452342,0.51236206,0.482538,1.304342,0.34092653,0.006513427,fear
0.7495101,0.120673314,0.31180802,0.115986675,0.10829357,0.11214013,0.7187121,0.30798057,0.28560975,0.49744695,0.4930254,1.27971,0.3351895,0.019236198,fear
0.7386015,0.11197576,0.2791537,0.10394086,0.1034979,0.103719376,0.6122417,0.28724855,0.29224262,0.50689715,0.5310578,1.328275,0.34641778,0.0010994911,fear
0.5917081,0.112974,0.36113453,0.11930849,0.11641759,0.11786304,0.71539855,0.2816855,0.2819385,0.49141082,0.48588434,1.2381479,0.3278262,0.09749766,fear
0.736252,0.121465474,0.30525905,0.09884841,0.103870645,0.101359524,0.6017002,0.28814727,0.28724775,0.50561535,0.53130066,1.3254642,0.3546679,0.0016878285,fear
0.7177848,0.15948558,0.43527627,0.10937152,0.10722056,0.10829604,0.6903072,0.26538333,0.2744788,0.4990702,0.5022835,1.3787665,0.38479638,0.0167064,fear
0.81100446,0.13519824,0.33080506,0.10212062,0.084388316,0.09325447,0.6180309,0.29556912,0.270525,0.5322454,0.5143464,1.3436431,0.3214999,0.0131254755,fear
0.6471863,0.021191517,0.065986335,0.106100775,0.10310843,0.10460461,0.68381643,0.32975683,0.33194327,0.51222974,0.5280314,1.2877898,0.3474146,0.022813128,fear
0.54026777,0.018355006,0.07012114,0.106004655,0.10583103,0.105917834,0.7275963,0.2724231,0.2781764,0.48700663,0.50616753,1.2715265,0.37748927,0.12541412,fear
0.61450946,0.073885396,0.23872803,0.10552119,0.08760947,0.09656533,0.64015895,0.26575074,0.27564156,0.48704386,0.4966692,1.2515557,0.3390734,0.04643094,fear
0.7551639,0.19997045,0.533428,0.052165367,0.04514087,0.04865312,0.32835305,0.28397763,0.30370605,0.5004981,0.52854496,1.3459113,0.38593385,0.064698815,fear
0.6251807,0.0031782556,0.010047008,0.09493092,0.08678186,0.090856396,0.5898808,0.3195206,0.33356765,0.49446282,0.5168729,1.267472,0.33513793,0.035221126,fear
0.46583667,0.0014197604,0.0056417114,0.090286344,0.098977566,0.09463196,0.58442307,0.29757604,0.2710107,0.46488175,0.48247817,1.1153111,0.24966158,0.050203633,fear
0.5465274,0.009467744,0.034030117,0.112458885,0.10730056,0.10987972,0.70694983,0.2814463,0.27950838,0.49847624,0.51296514,1.2538526,0.3706796,0.09843265,fear
0.63631225,0.077170044,0.26159877,0.12645288,0.11897744,0.12271516,0.8606498,0.28560466,0.27995634,0.5209985,0.49186873,1.3755419,0.3698748,0.05835318,fear
0.54960287,0.010247342,0.036088374,0.093193576,0.08198184,0.08758771,0.59133214,0.26120043,0.29418156,0.48370773,0.4834723,1.2220958,0.36091432,0.0766633,fear
0.5523168,0.0011828553,0.00389871,0.13013439,0.1225916,0.126363,0.76709455,0.27201417,0.28227273,0.47258475,0.5169758,1.1925341,0.3064152,0.10546316,fear
0.6207216,0.16596179,0.5109049,0.040857304,0.041533798,0.04119555,0.27818546,0.2585841,0.28225777,0.4648668,0.5191929,1.2155917,0.36210847,0.14941806,fear
0.6809313,0.13464344,0.3816825,0.10188774,0.091926,0.09690686,0.60141486,0.27614817,0.2650194,0.50717974,0.48557338,1.2896496,0.35852915,0.11334267,fear
0.5243401,0.028046815,0.099566706,0.092977054,0.09702722,0.09500214,0.58548295,0.26496685,0.2999026,0.47534764,0.49091214,1.2083458,0.3751878,0.017506054,fear
0.631281,0.01315072,0.041976046,0.110931374,0.075419344,0.09317535,0.6443278,0.27784315,0.30085132,0.50439525,0.52897036,1.2704251,0.2971225,0.05623085,fear
0.5334052,0.0013722905,0.0050236215,0.09368751,0.078605644,0.08614658,0.55723405,0.28194043,0.28206882,0.53043264,0.49658808,1.2269769,0.29824787,0.01515319,fear
0.6477294,0.1798774,0.54292125,0.07300915,0.09736214,0.08518564,0.55936265,0.2999537,0.27471378,0.5394292,0.48511645,1.2735844,0.31413797,0.08627716,fear
0.6637698,0.12070903,0.34755847,0.057630304,0.07463115,0.06613073,0.40488052,0.2869949,0.29583997,0.48472652,0.5211566,1.2528604,0.34579012,0.15333788,fear
0.52717793,0.011675582,0.04298527,0.08974366,0.09959619,0.09466992,0.6063055,0.29794282,0.27589148,0.53803945,0.4986071,1.205181,0.29004234,0.06654953,fear
0.560094,0.0049700327,0.01657486,0.08495647,0.09855554,0.09175601,0.58708787,0.29338557,0.2722726,0.47734815,0.5015743,1.2010788,0.35633132,0.02063801,fear
0.58139765,0.092392474,0.31823325,0.099775456,0.1107417,0.10525858,0.70441425,0.28105932,0.25837502,0.5012677,0.49410728,1.3236922,0.41214415,0.05397235,fear
0.69084877,0.15978481,0.44933102,0.099151544,0.10867083,0.103911184,0.6540316,0.29442212,0.2730202,0.51675445,0.50501704,1.2733277,0.3694893,0.1240276,fear
0.5920761,0.1125737,0.41119632,0.114755854,0.10859807,0.11167696,0.7836064,0.26987374,0.29230154,0.49679068,0.5193222,1.3402619,0.3758044,0.02145568,fear
0.607389,0.05173092,0.16296291,0.120345764,0.12767075,0.12400825,0.7804055,0.3169642,0.3010603,0.5084795,0.4877622,1.2746868,0.34050512,0.088140935,fear
0.5092659,0.02677546,0.095269196,0.10157171,0.100067325,0.10081952,0.610421,0.26684558,0.29264978,0.486853,0.4830416,1.2094527,0.35358077,0.036995642,fear
0.6561545,0.0058646677,0.018563531,0.085658096,0.049647473,0.067652784,0.47184065,0.3059109,0.28681034,0.52163386,0.5282811,1.3375591,0.2814539,0.10032832,fear
0.48131898,0.016432988,0.06275838,0.10704531,0.11079861,0.10892195,0.6720597,0.29881507,0.26100478,0.4850377,0.4627596,1.1799524,0.37145233,0.086018994,fear
0.59451765,0.09286917,0.31251207,0.11098549,0.11061867,0.11080208,0.7257319,0.27272657,0.27738556,0.5036742,0.5031856,1.3287826,0.38634416,0.038038198,fear
0.64432925,0.07769485,0.21592078,0.11010417,0.11461352,0.11235885,0.6775074,0.2620951,0.28695202,0.46529543,0.5047148,1.1587853,0.2899984,0.013724137,fear
0.6045941,0.0011875131,0.0039619254,0.09486525,0.10905214,0.10195869,0.6698206,0.32603353,0.31221944,0.5226702,0.48874676,1.2726506,0.32292235,0.01769439,fear
0.6357094,0.010677796,0.030589921,0.11660165,0.11811866,0.11736016,0.7105025,0.2756172,0.27246562,0.5098764,0.46553987,1.1960614,0.28475955,0.0007181782,fear
0.6393174,0.0022839955,0.0071295104,0.08356698,0.11182177,0.09769438,0.6476374,0.3298589,0.30183646,0.53211284,0.48026347,1.2883995,0.30126333,0.038560204,fear
0.64161634,0.08206427,0.25934064,0.08351625,0.07315261,0.07833442,0.5215561,0.3022601,0.2878956,0.5271769,0.5280739,1.3538651,0.29630643,0.152787,fear
0.6914257,0.05129676,0.13850164,0.07273061,0.06641174,0.069571175,0.4531256,0.27512854,0.2628526,0.49768302,0.47208092,1.2512095,0.25409418,0.09597084,fear
0.6832113,0.18891118,0.550355,0.045204904,0.04404314,0.044624023,0.30608043,0.27887174,0.27687645,0.481646,0.520908,1.2986352,0.36600646,0.0044340733,fear
0.6542533,0.08209369,0.25438872,0.070037335,0.08491976,0.07747854,0.52281505,0.28856915,0.29287496,0.5294911,0.5121528,1.3281064,0.3307076,0.09390457,fear
0.6045752,0.020971464,0.06728734,0.13411663,0.12839234,0.13125448,0.82892233,0.30193275,0.31782007,0.49142173,0.5183375,1.2744099,0.3447606,0.09262601,fear
0.6449722,0.005407126,0.01624364,0.073419325,0.07199386,0.07270659,0.45747757,0.29710767,0.2833397,0.52076674,0.5081582,1.2562953,0.3207422,0.13781849,fear
0.610665,0.059060913,0.18300237,0.09304371,0.12619132,0.10961751,0.6937984,0.3069681,0.31859118,0.4750433,0.52802944,1.2980627,0.35488334,0.079987146,fear
0.58771497,0.066682465,0.21782225,0.07233775,0.09736214,0.08484994,0.5704421,0.28562397,0.27903098,0.50233394,0.47432783,1.1994592,0.3563022,0.028552162,fear
0.6632431,0.09115118,0.2652329,0.07860177,0.07258948,0.07559562,0.4845149,0.28732416,0.28200522,0.51121384,0.49996853,1.2376553,0.3344326,0.080055475,fear
0.6445027,0.059657194,0.19671619,0.08743507,0.10495645,0.096195765,0.68495053,0.2731453,0.28230134,0.47298956,0.5102936,1.3260173,0.35277662,0.0053440747,fear
0.5194776,0.03317678,0.12181251,0.1262297,0.1358029,0.1310163,0.82113403,0.29830322,0.30419338,0.51277524,0.4923225,1.2797179,0.36855602,0.009865312,fear
0.54795414,0.009436561,0.03351676,0.087937556,0.087496996,0.08771728,0.57159305,0.28629193,0.27353913,0.5016001,0.52391034,1.2272372,0.29810205,0.0050710132,fear
0.60809684,0.019487238,0.06391783,0.11731584,0.11082545,0.11407065,0.7495094,0.26915565,0.275208,0.49797225,0.5089782,1.3393189,0.36915913,0.0024084856,fear
0.61056566,0.050656702,0.17694654,0.10906351,0.117666356,0.11336494,0.8005752,0.28712365,0.26808503,0.5272743,0.47538617,1.3663759,0.37675154,0.0015188481,fear
0.6295065,0.0030527774,0.009563246,0.10639379,0.08657215,0.09648296,0.6303403,0.28848425,0.28367275,0.5334277,0.49869958,1.23829,0.28039503,0.034819253,fear
0.56641966,0.101351544,0.3503144,0.10567567,0.11858328,0.112129465,0.71924806,0.2675281,0.2692299,0.49773812,0.48936388,1.294556,0.40208355,0.011861452,fear
0.5948372,0.10860653,0.3450929,0.11005465,0.11249005,0.11127234,0.6760416,0.2844369,0.28516364,0.49338233,0.48754877,1.2389616,0.31020904,0.16698213,fear
0.5504517,0.0138265705,0.04838837,0.10537261,0.10134872,0.10336067,0.64394635,0.2847475,0.29181308,0.4900628,0.49506924,1.2300636,0.3135805,0.00982778,fear
0.6778486,0.02739559,0.07934079,0.076268524,0.07521966,0.07574409,0.48990119,0.29309702,0.28164405,0.51786214,0.5039625,1.2403063,0.3293319,0.13072625,fear
0.7048166,0.087095246,0.2239946,0.10196473,0.0897102,0.09583747,0.5814705,0.27715364,0.28561208,0.49202397,0.5249428,1.2494203,0.3387458,0.057323366,fear
0.74643916,0.07765185,0.20414741,0.09067118,0.117702834,0.10418701,0.6630285,0.28860578,0.29295856,0.49961004,0.5294397,1.275271,0.31601316,0.014931223,fear
0.73372185,0.12953131,0.3331444,0.10653181,0.09115041,0.09884111,0.63194746,0.29778385,0.28782517,0.48361135,0.48942572,1.2501482,0.31160218,0.10492872,fear
0.71158916,0.05789029,0.14793329,0.087879874,0.09139451,0.0896372,0.5184062,0.2878654,0.29476708,0.50363857,0.5315168,1.2638118,0.3394663,0.1151624,fear
0.5113677,0.0069551077,0.025626143,0.12465219,0.1489994,0.13682579,0.85959655,0.27706334,0.28507376,0.49526197,0.480669,1.2425252,0.361323,0.022250859,fear
0.6854066,0.14436126,0.4292198,0.053969838,0.052494563,0.053232197,0.37472403,0.28946018,0.282273,0.5370513,0.48725933,1.2733935,0.38238937,0.12903138,fear
0.67182064,0.18819863,0.5477165,0.075673245,0.10326236,0.0894678,0.58841795,0.29466024,0.26592723,0.52721226,0.47698504,1.268676,0.33510384,0.119427375,fear
0.56683403,0.006771372,0.023000665,0.105560966,0.100011,0.10278598,0.65506375,0.27032623,0.28708717,0.4965434,0.48874235,1.2297717,0.34195682,0.015320606,fear
0.60929215,0.023369618,0.07421289,0.08992446,0.09728635,0.09360541,0.6167122,0.2876545,0.27459005,0.48671186,0.49049067,1.2379785,0.36060783,0.0047116103,fear
0.7469063,0.1781919,0.45076367,0.09536014,0.10348243,0.099421285,0.6115326,0.27060503,0.27288133,0.50515807,0.5225475,1.3353393,0.38713175,0.04249352,fear
0.7199863,0.10715716,0.2867409,0.113063194,0.10344099,0.108252086,0.71091765,0.299469,0.28755134,0.49043897,0.48408768,1.2360357,0.32551485,0.14670815,fear
0.6003834,0.039502885,0.12049913,0.10641059,0.117877185,0.11214389,0.7016665,0.2851724,0.26960018,0.51237,0.47206858,1.1794145,0.30386528,0.08931276,fear
0.7546058,0.18182155,0.47868064,0.05713664,0.051690698,0.05441367,0.35605654,0.30865696,0.30497172,0.54528904,0.5116751,1.408944,0.39133412,0.14804126,fear
0.6503494,0.09402351,0.28388873,0.05281343,0.045854945,0.049334187,0.32566,0.28638172,0.27388543,0.4922206,0.5116552,1.268915,0.27687708,0.008988435,fear
0.6174914,0.0006825863,0.0021719257,0.091636494,0.10590265,0.09876957,0.64344025,0.3266966,0.3039251,0.5232417,0.48258814,1.2636547,0.32514012,0.07449797,fear
0.66189265,0.040290136,0.11647803,0.071312405,0.074502945,0.07290767,0.4519153,0.2879173,0.27690122,0.51422065,0.5031945,1.246818,0.3385323,0.13815957,fear
0.59258485,0.0029257555,0.010761733,0.11302069,0.10850149,0.11076108,0.7820998,0.27915034,0.28363252,0.52750844,0.4892398,1.342886,0.36194164,0.103320144,fear
0.6041112,0.0008180025,0.0027133436,0.10428483,0.10542286,0.10485384,0.6943839,0.31283075,0.33405015,0.47990835,0.5359069,1.2843038,0.33605754,0.03187212,fear
0.58782923,0.09554954,0.3119993,0.111414805,0.1093347,0.11037475,0.69503677,0.28197238,0.28013366,0.4796815,0.49371794,1.2064917,0.28985116,0.0025775055,fear
0.6720246,0.046904575,0.12555832,0.12222481,0.12078697,0.121505894,0.7286323,0.28013334,0.28360134,0.4783223,0.51452386,1.172589,0.29345307,0.057879508,fear
0.6249197,0.0059524155,0.017486058,0.113117225,0.11407823,0.11359773,0.715593,0.2710666,0.29778898,0.4590297,0.53891873,1.1881359,0.30583826,0.0835351,fear
0.47655645,0.008944908,0.03700323,0.13795495,0.15425302,0.146104,0.9703505,0.24795067,0.29601192,0.45288152,0.4906447,1.1758091,0.3521884,0.098880224,fear
0.68677384,0.16565575,0.47672373,0.074414976,0.03178168,0.053098325,0.3619983,0.28751832,0.27648765,0.5264839,0.48853835,1.2870235,0.38116795,0.10663304,fear
0.56284773,0.006138971,0.021751747,0.09044094,0.098355226,0.09439808,0.6426277,0.28540784,0.29883653,0.51450175,0.4780335,1.2354522,0.39293268,0.09600308,fear
0.74563724,0.16358265,0.42091316,0.057559505,0.04361399,0.050586745,0.32157338,0.28423673,0.2936093,0.52222246,0.5075021,1.2815928,0.37999302,0.066027306,fear
0.65192455,0.06734399,0.2080964,0.1135959,0.10103309,0.1073145,0.70487183,0.28470418,0.28730237,0.5220382,0.50752485,1.2588742,0.30993134,0.1404693,fear
0.542683,0.10227403,0.37210438,0.13279174,0.1315037,0.13214773,0.82273036,0.31673136,0.3184731,0.52708465,0.49846932,1.287187,0.35801044,0.11005894,fear
0.69621366,0.07825437,0.21265227,0.09957778,0.11923692,0.10940734,0.6983899,0.27574354,0.31168583,0.47607902,0.49558485,1.2354342,0.30533317,0.049278416,fear
0.5642224,0.02836211,0.097355016,0.10509216,0.0849485,0.09502033,0.62071884,0.28283706,0.27206433,0.48870212,0.4898986,1.2359853,0.38163483,0.051780067,fear
0.59860486,0.025099913,0.078941464,0.13794355,0.11194265,0.12494311,0.7727894,0.29102123,0.31723058,0.47783118,0.50667536,1.2991626,0.36207855,0.0857982,fear
0.5942285,0.06633668,0.2081509,0.08682616,0.0972254,0.09202578,0.596152,0.28568,0.27860448,0.50057435,0.48211002,1.2098747,0.34327155,0.14421776,fear
0.619577,0.0063529327,0.018431347,0.11781469,0.11790904,0.11786187,0.7089821,0.2740134,0.28691554,0.46794593,0.51990575,1.161375,0.30243784,0.07506459,fear
0.6109095,0.0074826186,0.02192055,0.113994054,0.12017332,0.11708369,0.6998528,0.27834353,0.25702512,0.5068086,0.4568478,1.1655235,0.2855731,0.110973075,fear
0.5860169,0.06638726,0.21803826,0.1113043,0.11938695,0.11534563,0.7273318,0.2799219,0.2879412,0.48454037,0.49665257,1.2571502,0.30364108,0.1085335,fear
0.48732385,0.0070520802,0.027794141,0.08316489,0.092251614,0.08770825,0.5816814,0.275921,0.30091724,0.48852322,0.4962442,1.2157787,0.3922666,0.0049377037,fear
0.57977533,0.008317585,0.028886264,0.05442992,0.08943985,0.07193489,0.49173,0.27392158,0.29863986,0.50703293,0.52715874,1.2870212,0.30201963,0.08150577,fear
0.7848803,0.12268796,0.3179715,0.091975406,0.07861089,0.08529315,0.56651306,0.2836962,0.27592263,0.53000075,0.5234718,1.2867701,0.29465702,0.06602383,fear
0.6126178,0.0019157528,0.006223107,0.09335693,0.09394559,0.09365126,0.6131277,0.31450942,0.33198762,0.49128997,0.5271114,1.2755594,0.3300311,0.097773716,fear
0.6659449,0.075854145,0.23584709,0.08943688,0.06595173,0.077694304,0.5277027,0.29556087,0.30053633,0.5189268,0.54469866,1.345925,0.30610538,0.024614302,fear
0.51015013,0.023928571,0.087256365,0.13163695,0.12972766,0.1306823,0.8383276,0.30305618,0.28712562,0.48506933,0.5009232,1.2234799,0.33333632,0.028990028,fear
0.64661133,0.17605652,0.5312694,0.06639066,0.047751777,0.057071216,0.39295346,0.2762723,0.27332008,0.51447386,0.4946957,1.254678,0.3839623,0.06266646,fear
0.49327135,0.011505208,0.042715043,0.08679075,0.10131666,0.0940537,0.57634366,0.29873356,0.2684177,0.47565213,0.48086357,1.1999187,0.36728647,0.047135346,fear
0.68900234,0.030621018,0.08247592,0.07422541,0.074483514,0.07435446,0.4703057,0.28105167,0.27237293,0.5052327,0.4890209,1.2904508,0.2643461,0.013191808,fear
0.68872553,0.13346927,0.39923155,0.0744563,0.06342046,0.068938375,0.48788255,0.2942363,0.26791012,0.51858383,0.50830346,1.3362105,0.32236177,0.13421863,fear
0.54849875,0.0042769955,0.014767204,0.078828394,0.09616812,0.087498255,0.564916,0.290781,0.26724032,0.49005973,0.48843634,1.2162662,0.32839045,0.092074916,fear
0.76948166,0.07692516,0.2029926,0.09220661,0.08455009,0.08837835,0.58976,0.29300258,0.2711827,0.5310585,0.5285278,1.3008194,0.3053788,0.08597502,fear
0.672117,0.13365081,0.35778075,0.07624995,0.08994587,0.08309791,0.5181374,0.27405572,0.280254,0.48939493,0.50056684,1.2790365,0.33564326,0.102242865,fear
0.63759017,0.021038583,0.06879986,0.088944025,0.08283746,0.08589075,0.5938039,0.2972502,0.2972608,0.539771,0.51878375,1.3490124,0.31847328,0.11337695,fear
0.7250088,0.09243244,0.24809985,0.09985551,0.11124594,0.10555073,0.6925955,0.2751505,0.30276483,0.47372624,0.4926538,1.2389728,0.3057173,0.16375396,fear
0.6215521,0.045683432,0.13944598,0.09245514,0.10337999,0.097917564,0.597905,0.26759514,0.27883184,0.518039,0.51141,1.2432528,0.33387092,0.055069495,fear
0.683473,0.15911095,0.45382488,0.097573,0.092034936,0.09480397,0.6175691,0.2685929,0.26051974,0.49947897,0.4867571,1.2797893,0.3766119,0.100841805,fear
0.6343761,0.004213847,0.012652461,0.08744983,0.09260868,0.090029255,0.5717308,0.29517534,0.28121895,0.49939242,0.49434665,1.2487516,0.35505354,0.14245324,fear
0.5993933,0.11878071,0.38374987,0.10311303,0.11707366,0.11009335,0.70220613,0.28272384,0.2794267,0.48693764,0.48501435,1.2406659,0.31041434,0.032325964,fear
0.5829865,0.0120946495,0.040658433,0.07384796,0.09564315,0.08474555,0.5956106,0.28280827,0.27439892,0.5003528,0.4772202,1.2223953,0.3179196,0.06839476,fear
0.75961035,0.10946564,0.27483854,0.09687468,0.11910907,0.107991874,0.6901509,0.2768131,0.30046254,0.46709868,0.49783155,1.2540582,0.3139147,0.009096191,fear
0.6640541,0.133492,0.38913837,0.11457278,0.09459496,0.104583874,0.6548494,0.25310722,0.28288713,0.5128772,0.5097115,1.3284196,0.38768145,0.1307941,fear
0.64660126,0.0034232782,0.011157761,0.09229604,0.081315696,0.08680587,0.601566,0.31067362,0.29300413,0.53800124,0.53742415,1.3641738,0.29102257,0.05353362,fear
0.5385151,0.014221746,0.04946061,0.08593861,0.103161864,0.094550245,0.6268908,0.29027078,0.27430266,0.4984371,0.47015828,1.1971691,0.33919606,0.022207152,fear
0.6589913,0.14474975,0.42655545,0.097546354,0.10391242,0.10072939,0.6326753,0.26661688,0.2767169,0.49917695,0.49636436,1.273447,0.38194507,0.0035166985,fear
0.7038162,0.052236296,0.14292996,0.07444724,0.10903664,0.09174194,0.58784163,0.2838553,0.28776792,0.4919165,0.5274346,1.2407169,0.30778593,0.037889812,fear
0.5701868,0.0039173784,0.01296433,0.10429697,0.087860405,0.09607869,0.6336181,0.27614388,0.28527158,0.49462554,0.49717447,1.2053506,0.33803436,0.079655305,fear
0.5073939,0.0032346188,0.011872439,0.10078648,0.1125767,0.106681585,0.657156,0.291905,0.26784176,0.48090863,0.48115784,1.1041603,0.2221414,0.01290581,fear
0.65966374,0.0017283169,0.0046537216,0.07396284,0.091694504,0.08282867,0.4864956,0.2781677,0.2584912,0.4868722,0.48108956,1.2465138,0.30055445,0.143233,fear
0.7024018,0.16856357,0.45911634,0.11837348,0.11058986,0.11448167,0.7186437,0.2632493,0.27000582,0.49736723,0.52690727,1.3007659,0.3816212,0.097114936,fear
0.59841645,0.044179145,0.14062805,0.06678913,0.070166804,0.068477966,0.43653607,0.28516454,0.2883354,0.5130568,0.51003724,1.2467662,0.33257383,0.11097561,fear
0.77337384,0.12162519,0.31558332,0.07418465,0.09069619,0.08244042,0.55357635,0.2710756,0.28004435,0.5176996,0.5232184,1.2867948,0.32577756,0.06410429,fear
0.53187394,0.09348868,0.32986128,0.15355341,0.13005218,0.1418028,0.89320505,0.28354597,0.28133824,0.47224903,0.49326816,1.2575845,0.36250594,0.01673692,fear
0.6436919,0.0433707,0.1325399,0.07861426,0.09844304,0.08852865,0.57882345,0.28374454,0.28079396,0.5206724,0.48744547,1.2601144,0.29361844,0.0038737943,fear
0.6871333,0.09944374,0.27213857,0.10861776,0.09838365,0.1035007,0.6160534,0.2757735,0.27311388,0.5341531,0.5041339,1.2904625,0.35234421,0.102299035,fear
0.57944065,0.0040574865,0.013851294,0.10190818,0.09213453,0.09702135,0.67532474,0.2791639,0.28184977,0.4956884,0.49337435,1.2277347,0.31220815,0.09621087,fear
0.7277011,0.062304158,0.1633943,0.1145678,0.10012809,0.10734795,0.68133825,0.29423007,0.2816033,0.48447645,0.47909382,1.2276981,0.2955406,0.027613783,fear
0.7473406,0.1629434,0.42934203,0.050080426,0.04486482,0.047472622,0.3121738,0.29219916,0.28687465,0.53057325,0.5027133,1.3162477,0.35626158,0.010751441,fear
0.5888108,0.00034115152,0.0011845334,0.04931799,0.08199427,0.06565613,0.44923425,0.29030946,0.290989,0.52932733,0.5115918,1.3086361,0.318978,0.093630314,fear
0.64604485,0.20755598,0.6298706,0.106606424,0.0821888,0.09439761,0.61565673,0.28023705,0.2907326,0.49062306,0.52600044,1.2644557,0.32698134,0.14081864,fear
0.5687249,0.0027493117,0.009414413,0.09588081,0.09953054,0.09770567,0.6401967,0.28845915,0.27369243,0.48615023,0.48757067,1.2121114,0.39079958,0.025995394,fear
0.6047109,0.0067080297,0.021199673,0.12127769,0.115817405,0.118547544,0.7587754,0.3046983,0.3276759,0.48717743,0.5156946,1.2555033,0.33072162,0.037636686,fear
0.5639423,0.0074742804,0.026527707,0.14211275,0.13636497,0.13923885,0.89053166,0.30617994,0.31475908,0.4956054,0.5209876,1.2936015,0.30599126,0.0272738,fear
0.7478139,0.16949928,0.4616408,0.065236844,0.051238667,0.058237758,0.3986625,0.29440117,0.2959774,0.5120313,0.52775836,1.3637873,0.38254994,0.14791678,fear
0.72827005,0.07711297,0.20666485,0.08503028,0.11209541,0.098562844,0.6322791,0.28244278,0.29219928,0.48929486,0.5322264,1.2611684,0.3254039,0.14996156,fear
0.47236785,0.0037218854,0.014449765,0.10100178,0.1021285,0.10156514,0.6148637,0.2970637,0.2687859,0.46130764,0.48561954,1.1483477,0.28190646,0.03366169,fear
0.56456774,0.09259042,0.3150373,0.118803106,0.10812011,0.113461606,0.7128136,0.2789807,0.28086698,0.49231714,0.48247206,1.222435,0.30120626,0.02253344,fear
0.5775082,0.13157561,0.4303333,0.11156413,0.108119175,0.10984165,0.68270993,0.27595252,0.27745968,0.48047164,0.48226658,1.2149962,0.32409033,0.17446877,fear
0.66548735,0.17855883,0.53895557,0.047358524,0.06325464,0.055306584,0.38294688,0.2911507,0.25653118,0.53903216,0.4734196,1.2549183,0.3709229,0.12601541,fear
0.67317975,0.121640176,0.35480016,0.06486292,0.06456146,0.06471219,0.44557887,0.2821764,0.2687308,0.52633786,0.49131885,1.2145206,0.3644079,0.15392564,fear
0.6507873,0.10457006,0.31888062,0.09959073,0.087321356,0.093456045,0.6154265,0.2815747,0.2882383,0.49736518,0.5205819,1.2636185,0.3240997,0.058811687,fear
0.67830604,0.12822029,0.37135318,0.098374985,0.09806221,0.0982186,0.6362375,0.2684454,0.28534234,0.48021993,0.51247704,1.3723279,0.418013,0.12194762,fear
0.611017,0.029122783,0.086049676,0.11431056,0.11362916,0.11396987,0.69933814,0.27043143,0.28831485,0.45705107,0.528456,1.1364183,0.29743707,0.04693253,fear
0.6934309,0.054177374,0.14232524,0.086463995,0.08869145,0.08757772,0.54499066,0.2671796,0.28621513,0.4811782,0.50094414,1.2845302,0.29486033,0.05181942,fear
0.704259,0.16931719,0.4655066,0.105261475,0.08619283,0.095727146,0.60250235,0.2755475,0.26987246,0.50140655,0.49496368,1.3134747,0.35411304,0.16326013,fear
0.6760993,0.18372472,0.5448158,0.07053677,0.0966873,0.08361204,0.57412976,0.30530158,0.27500075,0.538887,0.47309163,1.3125132,0.36678287,0.110324904,fear
0.5421008,0.0015332223,0.005491398,0.09883157,0.09882517,0.09882837,0.67821497,0.27822673,0.283465,0.48839813,0.49474704,1.2098279,0.34355345,0.05119472,fear
0.57565564,0.0891793,0.3369603,0.11609491,0.11949235,0.11779363,0.8353982,0.2852163,0.27498016,0.51793385,0.49161917,1.3542422,0.3720303,0.013915036,fear
0.4879533,0.025802722,0.098813176,0.14747848,0.13657896,0.14202872,0.89844584,0.29845604,0.2911698,0.4940393,0.49964693,1.2457156,0.3357737,0.07963999,fear
0.7393183,0.12648286,0.329891,0.091740265,0.11640214,0.1040712,0.66909206,0.2764053,0.29978216,0.46925122,0.5022909,1.245067,0.31235632,0.007183539,fear
0.60811955,0.015461336,0.051972244,0.10054701,0.10149016,0.10101859,0.6794651,0.3142086,0.33109728,0.4889505,0.5251873,1.2834564,0.3334847,0.09436143,fear
0.7022529,0.1090295,0.29440925,0.11034536,0.1059148,0.10813008,0.66947734,0.26858914,0.28470224,0.5235842,0.518878,1.2893693,0.34611335,0.08552337,fear
0.66691923,0.13399832,0.39208767,0.09728062,0.086974405,0.09212752,0.601916,0.28432402,0.29094347,0.49478325,0.51965517,1.2534128,0.32838416,0.19226165,fear
0.7668689,0.124679655,0.32411122,0.07255176,0.0968874,0.08471958,0.56414074,0.26693735,0.27430135,0.516368,0.5116109,1.2799338,0.31716526,0.044845495,fear
0.5946331,0.12579119,0.40690136,0.11108738,0.111928046,0.111507714,0.6989732,0.27817795,0.28464904,0.48245746,0.493157,1.2516664,0.32452366,0.07016518,fear
0.44840223,0.010959248,0.04440942,0.09650436,0.09382811,0.095166236,0.5783519,0.269439,0.30140564,0.48696077,0.48676068,1.2026343,0.36828983,0.070124805,fear
0.5994147,0.0057762843,0.020947581,0.10979184,0.11988508,0.11483846,0.8119903,0.28131896,0.2713848,0.5165461,0.4956909,1.3468091,0.3557943,0.09339305,fear
0.6891404,0.049669154,0.13838953,0.09332961,0.08066822,0.08699892,0.5598532,0.28503028,0.2769995,0.52594036,0.48939234,1.2348107,0.31285012,0.057454597,fear
0.7594163,0.19882378,0.5359018,0.06707385,0.052015264,0.05954456,0.40825334,0.298192,0.2953067,0.5252683,0.5277278,1.334362,0.3822528,0.15826908,fear
0.7051528,0.16068351,0.4411649,0.098967955,0.08956934,0.09426864,0.60354745,0.27944767,0.2661945,0.5143444,0.4834885,1.2984904,0.3561689,0.051883485,fear
0.6724328,0.014299567,0.04132999,0.08208867,0.11437542,0.098232046,0.6190855,0.2888159,0.2843013,0.49762085,0.5321804,1.261261,0.30607644,0.05070412,fear
0.55936354,0.07738698,0.2831389,0.12599881,0.13358693,0.12979287,0.83453953,0.3198517,0.32159603,0.52679366,0.49910173,1.3065006,0.36099228,0.118736595,fear
0.58992445,0.04390409,0.14072256,0.07732685,0.07934225,0.078334555,0.48842195,0.2773909,0.28983203,0.48840874,0.51983356,1.2372755,0.32452914,0.13107146,fear
0.63806266,0.040262967,0.13143265,0.079363346,0.08275545,0.081059396,0.56754816,0.2887052,0.29322934,0.5329798,0.52225643,1.3364526,0.3154676,0.107424185,fear
0.5704521,0.08570728,0.28570205,0.10966983,0.10484818,0.107259005,0.66294396,0.2917601,0.29149312,0.50042486,0.49345452,1.2307886,0.29887345,0.004132275,fear
0.695528,0.04423659,0.12447139,0.08868741,0.10835577,0.09852159,0.61639327,0.28628284,0.29006246,0.49589637,0.5371037,1.2525712,0.31341726,0.1691994,fear
0.67059207,0.012156225,0.03769572,0.073284276,0.05073563,0.062009957,0.43520057,0.29467928,0.28787664,0.5252433,0.52306,1.3304967,0.28471974,0.13534006,fear
0.45058987,0.06869818,0.2800533,0.13552125,0.12971139,0.13261633,0.8284896,0.28430206,0.30447358,0.47115043,0.52137464,1.2092216,0.34940535,0.047293477,fear
0.6362904,0.09367996,0.31737775,0.10227171,0.1126996,0.10748566,0.76665044,0.2894027,0.2766909,0.5275642,0.50307024,1.3469017,0.37546566,0.020072587,fear
0.68748647,0.12357224,0.31436545,0.08246173,0.0733889,0.07792531,0.46014473,0.29709274,0.26728952,0.51546717,0.48748198,1.2573793,0.30055916,0.1214967,fear
0.5034948,0.07419385,0.27040684,0.14153342,0.1302348,0.1358841,0.86311126,0.2871479,0.27259842,0.47398558,0.49110174,1.2205591,0.3305144,0.031752504,fear
0.595641,0.0010056224,0.0034785217,0.10106492,0.09502403,0.09804447,0.6596841,0.31117094,0.32645142,0.4828469,0.52914816,1.2905593,0.35519025,0.09680104,fear
0.656343,0.05153068,0.1478065,0.06013497,0.036103766,0.04811937,0.3166948,0.26532474,0.29104665,0.486859,0.5265859,1.2388107,0.32470506,0.098922625,fear
0.6184121,0.002660457,0.0083462335,0.067524284,0.100803584,0.08416394,0.54601854,0.29728743,0.28126255,0.5306699,0.48635244,1.2607706,0.27813542,0.012829602,fear
0.581335,0.005145699,0.017231973,0.09069072,0.09204617,0.09136845,0.5908595,0.28784326,0.28425673,0.5079722,0.5302292,1.2301538,0.28728917,0.015796313,fear
0.6146902,0.04560014,0.15025087,0.0633063,0.08686433,0.07508531,0.5100801,0.2951579,0.3024615,0.5340974,0.5257716,1.3228928,0.32321602,0.037300754,fear
0.56781346,0.13749029,0.48873582,0.13555479,0.12963252,0.13259366,0.85948944,0.31796888,0.3061179,0.50134516,0.5131985,1.2999938,0.3561078,0.13239405,fear
0.6407413,0.029767912,0.09611923,0.07733614,0.07336423,0.07535019,0.5137781,0.30152044,0.29033688,0.5227895,0.537075,1.3342782,0.30769446,0.015509694,fear
0.5361051,0.00405228,0.014240144,0.13991399,0.14749753,0.14370577,0.90406084,0.27935573,0.28766868,0.4950019,0.4760551,1.217646,0.34002584,0.07286802,fear
0.7444067,0.16614382,0.45301136,0.052245006,0.06495802,0.058601514,0.39754155,0.3052761,0.29737726,0.5259116,0.53554326,1.3994823,0.36874512,0.037703183,fear
0.6777382,0.18367477,0.5254395,0.0904766,0.08920358,0.08984009,0.5727252,0.26753226,0.2745615,0.49306127,0.5045349,1.289181,0.38224328,0.07926344,fear
